Workbook
Name a: '[1]Param (DINN)'!$B$10
Name a: '[1]Param (DINN)'!$B$10
Name a: '[1]Param (DINN)'!$B$10
Name a: 'Param (DINN)'!$B$10
Name b: '[1]Param (DINN)'!$B$11
Name b: '[1]Param (DINN)'!$B$11
Name b: '[1]Param (DINN)'!$B$11
Name b: 'Param (DINN)'!$B$11
Name b12I: '[1]Param (DINN)'!$B$7
Name b12I: '[1]Param (DINN)'!$B$7
Name b12I: '[1]Param (DINN)'!$B$7
Name b12I: 'Param (DINN)'!$B$7
Name b12I1: '[1]Param (No DINN)'!$B$7
Name b12I1: '[1]Param (No DINN)'!$B$7
Name b12I1: '[1]Param (No DINN)'!$B$7
Name b12I1: 'Param (No DINN)'!$B$7
Name b12R: '[1]Param (DINN)'!$B$9
Name b12R: '[1]Param (DINN)'!$B$9
Name b12R: '[1]Param (DINN)'!$B$9
Name b12R: 'Param (DINN)'!$B$9
Name b12R1: '[1]Param (No DINN)'!$B$9
Name b12R1: '[1]Param (No DINN)'!$B$9
Name b12R1: '[1]Param (No DINN)'!$B$9
Name b12R1: 'Param (No DINN)'!$B$9
Name b12S: '[1]Param (DINN)'!$B$5
Name b12S: '[1]Param (DINN)'!$B$5
Name b12S: '[1]Param (DINN)'!$B$5
Name b12S: 'Param (DINN)'!$B$5
Name b12S1: '[1]Param (No DINN)'!$B$5
Name b12S1: '[1]Param (No DINN)'!$B$5
Name b12S1: '[1]Param (No DINN)'!$B$5
Name b12S1: 'Param (No DINN)'!$B$5
Name N: 'SIR Data (60 Days)'!$J$1
Name N: '[1]SIR Data (14 Days)'!$I$1
Name N: '[1]SIR Data (14 Days)'!$I$1
Name N: '[1]SIR Data (14 Days)'!$I$1
Name N: 'SIR Data (14 Days)'!$I$1
Name w12I: '[1]Param (DINN)'!$B$6
Name w12I: '[1]Param (DINN)'!$B$6
Name w12I: '[1]Param (DINN)'!$B$6
Name w12I: 'Param (DINN)'!$B$6
Name w12I1: '[1]Param (No DINN)'!$B$6
Name w12I1: '[1]Param (No DINN)'!$B$6
Name w12I1: '[1]Param (No DINN)'!$B$6
Name w12I1: 'Param (No DINN)'!$B$6
Name w12R: '[1]Param (DINN)'!$B$8
Name w12R: '[1]Param (DINN)'!$B$8
Name w12R: '[1]Param (DINN)'!$B$8
Name w12R: 'Param (DINN)'!$B$8
Name w12R1: '[1]Param (No DINN)'!$B$8
Name w12R1: '[1]Param (No DINN)'!$B$8
Name w12R1: '[1]Param (No DINN)'!$B$8
Name w12R1: 'Param (No DINN)'!$B$8
Name w12S: '[1]Param (DINN)'!$B$4
Name w12S: '[1]Param (DINN)'!$B$4
Name w12S: '[1]Param (DINN)'!$B$4
Name w12S: 'Param (DINN)'!$B$4
Name w12S1: '[1]Param (No DINN)'!$B$4
Name w12S1: '[1]Param (No DINN)'!$B$4
Name w12S1: '[1]Param (No DINN)'!$B$4

Sheet SIR_with 1 Neuron
A1: Neural Network Table | S1: Neural Network Table Formulas | W1: Error-Log Table
A2: Input | B2: Neuron and Output | G2: Real Data/1000 | J2: NN Error | N2: Parameters Table | P2: Error-Log Table | S2: Formulas for first day
A3: Day | B3: 1st Neuron | C3: Act.Func | D3: S_predicted | E3: I_predicted | F3: R_predicted | G3: S_data | H3: I_data | I3: R_data | J3: MSE | L3: Hidden Layer | M3: Name | N3: Parameter | O3: Value (optimal) | P3: MSE sum | Q3: =SUM(J4:J63) -> 0.050739321 | S3: Name | T3: Cell | U3: Formula | W3: Name | X3: Cell | Y3: Formula
A4: 0 | B4: =$O$4*A4+$O$5 -> -3.8828749 | C4: =1/(1+EXP(-B4)) -> 0.020176085 | D4: =$O$6*C4+$O$7 -> 0.97406531 | E4: =$O$8*C4+$O$9 -> 0.1503224 | F4: =$O$10*C4+$O$11 -> -0.12349642 | G4: 0.99916903 | H4: -0.00051644142 | I4: 0.0012964653 | J4: =SUM((D4-G4)^2,(E4-H4)^2,(F4-I4)^2)/60 -> 0.00064926359 | K4: =SUM((E4-H4)^2,(F4-I4)^2,(G4-J4)^2)/60 -> 0.017256122 | L4: 1st Neuron | M4: weight | N4: w | O4: 0.21339894 | S4: 1st Neuron | T4: B4 | U4: =$O$4*A4+$O$5 | W4: MSE | X4: P2 | Y4: =_xlfn.FORMULATEXT(Q3) -> =SUM(J4:J63)
A5: 1 | B5: =$O$4*A5+$O$5 -> -3.6694759 | C5: =1/(1+EXP(-B5)) -> 0.024856243 | D5: =$O$6*C5+$O$7 -> 0.96919309 | E5: =$O$8*C5+$O$9 -> 0.15082303 | F5: =$O$10*C5+$O$11 -> -0.11912766 | G5: 0.98960194 | H5: 0.0021639113 | I5: 0.002694591 | J5: =SUM((D5-G5)^2,(E5-H5)^2,(F5-I5)^2)/60 -> 0.0006226119 | M5: bias | N5: b | O5: -3.8828749 | S5: Act.Function | T5: C4 | U5: =TANH(B4)
A6: 2 | B6: =$O$4*A6+$O$5 -> -3.456077 | C6: =1/(1+EXP(-B6)) -> 0.030588146 | D6: =$O$6*C6+$O$7 -> 0.96322598 | E6: =$O$8*C6+$O$9 -> 0.15143616 | F6: =$O$10*C6+$O$11 -> -0.11377714 | G6: 1.0027007 | H6: 0.0033100596 | I6: -0.0047185297 | J6: =SUM((D6-G6)^2,(E6-H6)^2,(F6-I6)^2)/60 -> 0.00058988954 | L6: Output for 1st | M6: S_weight | N6: w_S | O6: -1.041036 | S6: S_predicted | T6: D4 | U6: =$O$6*C4+$O$7
A7: 3 | B7: =$O$4*A7+$O$5 -> -3.2426781 | C7: =1/(1+EXP(-B7)) -> 0.037590884 | D7: =$O$6*C7+$O$7 -> 0.95593587 | E7: =$O$8*C7+$O$9 -> 0.15218523 | F7: =$O$10*C7+$O$11 -> -0.10724033 | G7: 0.99110329 | H7: 0.0015165638 | I7: 0.0024789689 | J7: =SUM((D7-G7)^2,(E7-H7)^2,(F7-I7)^2)/60 -> 0.000599602 | M7: S_bias | N7: b_S | O7: 0.99506934 | S7: I_predicted | T7: E4 | U7: =$O$8*C4+$O$9
A8: 4 | B8: =$O$4*A8+$O$5 -> -3.0292791 | C8: =1/(1+EXP(-B8)) -> 0.046120531 | D8: =$O$6*C8+$O$7 -> 0.94705621 | E8: =$O$8*C8+$O$9 -> 0.15309763 | F8: =$O$10*C8+$O$11 -> -0.09927822 | G8: 0.99855053 | H8: 0.0020051112 | I8: 0.0038636349 | J8: =SUM((D8-G8)^2,(E8-H8)^2,(F8-I8)^2)/60 -> 0.00060198097 | M8: I_weight | N8: w_I | O8: 0.10696838 | S8: R_predicted | T8: F4 | U8: =$O$10*C4+$O$11
A9: 5 | B9: =$O$4*A9+$O$5 -> -2.8158802 | C9: =1/(1+EXP(-B9)) -> 0.056472049 | D9: =$O$6*C9+$O$7 -> 0.9362799 | E9: =$O$8*C9+$O$9 -> 0.15420492 | F9: =$O$10*C9+$O$11 -> -0.089615454 | G9: 0.99334815 | H9: 0.0057859344 | I9: -0.0046798608 | J9: =SUM((D9-G9)^2,(E9-H9)^2,(F9-I9)^2)/60 -> 0.00054165058 | M9: I_bias | N9: b_I | O9: 0.14816419 | S9: MSE | T9: J4 | U9: =SUM((D4-G4)^2,(E4-H4)^2,(F4-I4)^2)/60
A10: 6 | B10: =$O$4*A10+$O$5 -> -2.6024812 | C10: =1/(1+EXP(-B10)) -> 0.068978902 | D10: =$O$6*C10+$O$7 -> 0.92325982 | E10: =$O$8*C10+$O$9 -> 0.15554276 | F10: =$O$10*C10+$O$11 -> -0.077940762 | G10: 0.98283074 | H10: 0.012651331 | I10: 0.0030346095 | J10: =SUM((D10-G10)^2,(E10-H10)^2,(F10-I10)^2)/60 -> 0.00050872774 | M10: R_weight | N10: w_R | O10: 0.93346361
A11: 7 | B11: =$O$4*A11+$O$5 -> -2.3890823 | C11: =1/(1+EXP(-B11)) -> 0.084009022 | D11: =$O$6*C11+$O$7 -> 0.90761292 | E11: =$O$8*C11+$O$9 -> 0.1571505 | F11: =$O$10*C11+$O$11 -> -0.063910691 | G11: 0.97539399 | H11: 0.020354 | I11: 0.007466831 | J11: =SUM((D11-G11)^2,(E11-H11)^2,(F11-I11)^2)/60 -> 0.00047337178 | M11: R_bias | N11: b_R | O11: -0.14233006
A12: 8 | B12: =$O$4*A12+$O$5 -> -2.1756834 | C12: =1/(1+EXP(-B12)) -> 0.10195548 | D12: =$O$6*C12+$O$7 -> 0.88893001 | E12: =$O$8*C12+$O$9 -> 0.15907021 | F12: =$O$10*C12+$O$11 -> -0.047158324 | G12: 0.96249141 | H12: 0.033533967 | I12: 0.0091761695 | J12: =SUM((D12-G12)^2,(E12-H12)^2,(F12-I12)^2)/60 -> 0.00040573669
A13: 9 | B13: =$O$4*A13+$O$5 -> -1.9622844 | C13: =1/(1+EXP(-B13)) -> 0.12322003 | D13: =$O$6*C13+$O$7 -> 0.86679285 | E13: =$O$8*C13+$O$9 -> 0.16134484 | F13: =$O$10*C13+$O$11 -> -0.027308641 | G13: 0.94450237 | H13: 0.047496166 | I13: 0.007522534 | J13: =SUM((D13-G13)^2,(E13-H13)^2,(F13-I13)^2)/60 -> 0.00033689168
A14: 10 | B14: =$O$4*A14+$O$5 -> -1.7488855 | C14: =1/(1+EXP(-B14)) -> 0.14818782 | D14: =$O$6*C14+$O$7 -> 0.84080048 | E14: =$O$8*C14+$O$9 -> 0.16401561 | F14: =$O$10*C14+$O$11 -> -0.0040021149 | G14: 0.91819898 | H14: 0.067597221 | I14: 0.0032927993 | J14: =SUM((D14-G14)^2,(E14-H14)^2,(F14-I14)^2)/60 -> 0.0002556708
A15: 11 | B15: =$O$4*A15+$O$5 -> -1.5354866 | C15: =1/(1+EXP(-B15)) -> 0.17719235 | D15: =$O$6*C15+$O$7 -> 0.81060572 | E15: =$O$8*C15+$O$9 -> 0.16711817 | F15: =$O$10*C15+$O$11 -> 0.023072558 | G15: 0.89021614 | H15: 0.095969398 | I15: 0.019651499 | J15: =SUM((D15-G15)^2,(E15-H15)^2,(F15-I15)^2)/60 -> 0.0001901945
A16: 12 | B16: =$O$4*A16+$O$5 -> -1.3220876 | C16: =1/(1+EXP(-B16)) -> 0.21047118 | D16: =$O$6*C16+$O$7 -> 0.77596127 | E16: =$O$8*C16+$O$9 -> 0.17067795 | F16: =$O$10*C16+$O$11 -> 0.054137128 | G16: 0.83105635 | H16: 0.13982037 | I16: 0.024532806 | J16: =SUM((D16-G16)^2,(E16-H16)^2,(F16-I16)^2)/60 -> 8.1067893e-05
A17: 13 | B17: =$O$4*A17+$O$5 -> -1.1086887 | C17: =1/(1+EXP(-B17)) -> 0.24811544 | D17: =$O$6*C17+$O$7 -> 0.73677224 | E17: =$O$8*C17+$O$9 -> 0.1747047 | F17: =$O$10*C17+$O$11 -> 0.089276677 | G17: 0.77338802 | H17: 0.1957633 | I17: 0.038447975 | J17: =SUM((D17-G17)^2,(E17-H17)^2,(F17-I17)^2)/60 -> 7.2795614e-05
A18: 14 | B18: =$O$4*A18+$O$5 -> -0.89528975 | C18: =1/(1+EXP(-B18)) -> 0.29001942 | D18: =$O$6*C18+$O$7 -> 0.6931487 | E18: =$O$8*C18+$O$9 -> 0.1791871 | F18: =$O$10*C18+$O$11 -> 0.12839252 | G18: 0.68790871 | H18: 0.25894601 | I18: 0.063388111 | J18: =SUM((D18-G18)^2,(E18-H18)^2,(F18-I18)^2)/60 -> 0.00017690857
A19: 15 | B19: =$O$4*A19+$O$5 -> -0.68189081 | C19: =1/(1+EXP(-B19)) -> 0.33583942 | D19: =$O$6*C19+$O$7 -> 0.64544842 | E19: =$O$8*C19+$O$9 -> 0.18408839 | F19: =$O$10*C19+$O$11 -> 0.17116383 | G19: 0.59497832 | H19: 0.33076846 | I19: 0.073720662 | J19: =SUM((D19-G19)^2,(E19-H19)^2,(F19-I19)^2)/60 -> 0.00055929071
A20: 16 | B20: =$O$4*A20+$O$5 -> -0.46849187 | C20: =1/(1+EXP(-B20)) -> 0.38497326 | D20: =$O$6*C20+$O$7 -> 0.59429833 | E20: =$O$8*C20+$O$9 -> 0.18934416 | F20: =$O$10*C20+$O$11 -> 0.21702847 | G20: 0.48898601 | H20: 0.4078998 | I20: 0.099755418 | J20: =SUM((D20-G20)^2,(E20-H20)^2,(F20-I20)^2)/60 -> 0.0012101704
A21: 17 | B21: =$O$4*A21+$O$5 -> -0.25509294 | C21: =1/(1+EXP(-B21)) -> 0.43657035 | D21: =$O$6*C21+$O$7 -> 0.5405839 | E21: =$O$8*C21+$O$9 -> 0.19486342 | F21: =$O$10*C21+$O$11 -> 0.26519248 | G21: 0.39651124 | H21: 0.47372643 | I21: 0.13353312 | J21: =SUM((D21-G21)^2,(E21-H21)^2,(F21-I21)^2)/60 -> 0.0019309283
A22: 18 | B22: =$O$4*A22+$O$5 -> -0.041694 | C22: =1/(1+EXP(-B22)) -> 0.48957801 | D22: =$O$6*C22+$O$7 -> 0.48540102 | E22: =$O$8*C22+$O$9 -> 0.20053356 | F22: =$O$10*C22+$O$11 -> 0.3146732 | G22: 0.31251276 | H22: 0.52750319 | I22: 0.17173201 | J22: =SUM((D22-G22)^2,(E22-H22)^2,(F22-I22)^2)/60 -> 0.002620528
A23: 19 | B23: =$O$4*A23+$O$5 -> 0.17170494 | C23: =1/(1+EXP(-B23)) -> 0.54282108 | D23: =$O$6*C23+$O$7 -> 0.42997307 | E23: =$O$8*C23+$O$9 -> 0.20622888 | F23: =$O$10*C23+$O$11 -> 0.36437367 | G23: 0.23552071 | H23: 0.55793615 | I23: 0.20873749 | J23: =SUM((D23-G23)^2,(E23-H23)^2,(F23-I23)^2)/60 -> 0.003095539
... A63: 59 | B63: =$O$4*A63+$O$5 -> 8.7076624 | C63: =1/(1+EXP(-B63)) -> 0.99983471 | D63: =$O$6*C63+$O$7 -> -0.045794552 | E63: =$O$8*C63+$O$9 -> 0.25511489 | F63: =$O$10*C63+$O$11 -> 0.79097927 | G63: -0.00010788248 | H63: 0.053596926 | I63: 0.94100736 | J63: =SUM((D63-G63)^2,(E63-H63)^2,(F63-I63)^2)/60 -> 0.0010867532

Sheet SIR_with 2 Neurons
A1: Day | B1: 1st Neuron | C1: Act.Func N1 | D1: S1_predicted | E1: I1_predicted | F1: R1_predicted | G1: 2nd Neuron | H1: Act.Func N2 | I1: S2_predicted | J1: I2_predicted | K1: R2_predicted | L1: (S1 + S2)_pred | M1: (I1+I2)_pred | N1: (R1+R2)_ pred | O1: S data | P1: I data | Q1: R data | R1: MSE | S1: Hidden Layer | T1: Parameter | U1: Value | W1: MSE sum | X1: =SUM(R2:R61) -> 0.0049430427
A2: 0 | B2: =$U$2*A2+$U$3 -> 6.260022 | C2: =1/(1+EXP(-B2)) -> 0.99809244 | D2: =$U$4*C2+$U$5 -> 2.0849886 | E2: =$U$6*C2+$U$7 -> 1.9761976 | F2: =$U$6*C2+$U$7 -> 1.9761976 | G2: =$U$10*A2+$U$11 -> -4.2053171 | H2: =TANH(G2) -> -0.99955512 | I2: =$U$12*H2+$U$13 -> -1.0818186 | J2: =$U$14*H2+$U$15 -> -1.9082433 | K2: =$U$16*H2+$U$17 -> -2.0490433 | L2: =SUM(D2,I2) -> 1.0031701 | M2: =SUM(E2,J2) -> 0.067954357 | N2: =SUM(F2,K2) -> -0.072845646 | O2: 0.99916903 | P2: -0.00051644142 | Q2: 0.0012964653 | R2: =SUM((L2-O2)^2, (M2-P2)^2, (N2-Q2)^2)/60 -> 0.00017002185 | S2: 1st Neuron | T2: w11 | U2: -0.39494341 | V2: -0.45404349 | X2: 8.238e-05
A3: 1 | B3: =$U$2*A3+$U$3 -> 5.8650786 | C3: =1/(1+EXP(-B3)) -> 0.99717122 | D3: =$U$4*C3+$U$5 -> 2.0840799 | E3: =$U$6*C3+$U$7 -> 1.9766537 | F3: =$U$6*C3+$U$7 -> 1.9766537 | G3: =$U$10*A3+$U$11 -> -4.0796166 | H3: =TANH(G3) -> -0.999428 | I3: =$U$12*H3+$U$13 -> -1.0818197 | J3: =$U$14*H3+$U$15 -> -1.9082735 | K3: =$U$16*H3+$U$17 -> -2.0490121 | L3: =SUM(D3,I3) -> 1.0022603 | M3: =SUM(E3,J3) -> 0.068380263 | N3: =SUM(F3,K3) -> -0.072358419 | O3: 0.98960194 | P3: 0.0021639113 | Q3: 0.002694591 | R3: =SUM((L3-O3)^2, (M3-P3)^2, (N3-Q3)^2)/60 -> 0.00016962988 | T3: b11 | U3: 6.260022 | V3: 7.3372783
A4: 2 | B4: =$U$2*A4+$U$3 -> 5.4701352 | C4: =1/(1+EXP(-B4)) -> 0.99580699 | D4: =$U$4*C4+$U$5 -> 2.0827342 | E4: =$U$6*C4+$U$7 -> 1.9773292 | F4: =$U$6*C4+$U$7 -> 1.9773292 | G4: =$U$10*A4+$U$11 -> -3.953916 | H4: =TANH(G4) -> -0.99926457 | I4: =$U$12*H4+$U$13 -> -1.081821 | J4: =$U$14*H4+$U$15 -> -1.9083123 | K4: =$U$16*H4+$U$17 -> -2.0489721 | L4: =SUM(D4,I4) -> 1.0009132 | M4: =SUM(E4,J4) -> 0.069016882 | N4: =SUM(F4,K4) -> -0.071642962 | O4: 1.0027007 | P4: 0.0033100596 | Q4: -0.0047185297 | R4: =SUM((L4-O4)^2, (M4-P4)^2, (N4-Q4)^2)/60 -> 0.00014665769 | S4: Output for 1st | T4: w12S | U4: 0.98641727 | V4: 0.94514754
A5: 3 | B5: =$U$2*A5+$U$3 -> 5.0751918 | C5: =1/(1+EXP(-B5)) -> 0.99378893 | D5: =$U$4*C5+$U$5 -> 2.0807436 | E5: =$U$6*C5+$U$7 -> 1.9783283 | F5: =$U$6*C5+$U$7 -> 1.9783283 | G5: =$U$10*A5+$U$11 -> -3.8282154 | H5: =TANH(G5) -> -0.99905446 | I5: =$U$12*H5+$U$13 -> -1.0818228 | J5: =$U$14*H5+$U$15 -> -1.9083622 | K5: =$U$16*H5+$U$17 -> -2.0489207 | L5: =SUM(D5,I5) -> 0.99892073 | M5: =SUM(E5,J5) -> 0.069966127 | N5: =SUM(F5,K5) -> -0.070592365 | O5: 0.99110329 | P5: 0.0015165638 | Q5: 0.0024789689 | R5: =SUM((L5-O5)^2, (M5-P5)^2, (N5-Q5)^2)/60 -> 0.00016809791 | T5: b12S | U5: 1.100453 | V5: 0.02705399
A6: 4 | B6: =$U$2*A6+$U$3 -> 4.6802484 | C6: =1/(1+EXP(-B6)) -> 0.99080856 | D6: =$U$4*C6+$U$5 -> 2.0778037 | E6: =$U$6*C6+$U$7 -> 1.9798039 | F6: =$U$6*C6+$U$7 -> 1.9798039 | G6: =$U$10*A6+$U$11 -> -3.7025148 | H6: =TANH(G6) -> -0.99878437 | I6: =$U$12*H6+$U$13 -> -1.0818252 | J6: =$U$14*H6+$U$15 -> -1.9084263 | K6: =$U$16*H6+$U$17 -> -2.0488545 | L6: =SUM(D6,I6) -> 0.99597853 | M6: =SUM(E6,J6) -> 0.071377566 | N6: =SUM(F6,K6) -> -0.069050636 | O6: 0.99855053 | P6: 0.0020051112 | Q6: 0.0038636349 | R6: =SUM((L6-O6)^2, (M6-P6)^2, (N6-Q6)^2)/60 -> 0.00016892739 | T6: w12I | U6: -0.49509747 | V6: -0.44212351
A7: 5 | B7: =$U$2*A7+$U$3 -> 4.285305 | C7: =1/(1+EXP(-B7)) -> 0.9864176 | D7: =$U$4*C7+$U$5 -> 2.0734724 | E7: =$U$6*C7+$U$7 -> 1.9819778 | F7: =$U$6*C7+$U$7 -> 1.9819778 | G7: =$U$10*A7+$U$11 -> -3.5768143 | H7: =TANH(G7) -> -0.99843718 | I7: =$U$12*H7+$U$13 -> -1.0818281 | J7: =$U$14*H7+$U$15 -> -1.9085087 | K7: =$U$16*H7+$U$17 -> -2.0487695 | L7: =SUM(D7,I7) -> 0.99164425 | M7: =SUM(E7,J7) -> 0.073469074 | N7: =SUM(F7,K7) -> -0.066791649 | O7: 0.99334815 | P7: 0.0057859344 | Q7: -0.0046798608 | R7: =SUM((L7-O7)^2, (M7-P7)^2, (N7-Q7)^2)/60 -> 0.00014069642 | T7: b12I | U7: 2.4703507 | V7: -0.014636965
A8: 6 | B8: =$U$2*A8+$U$3 -> 3.8903616 | C8: =1/(1+EXP(-B8)) -> 0.97997139 | D8: =$U$4*C8+$U$5 -> 2.0671137 | E8: =$U$6*C8+$U$7 -> 1.9851693 | F8: =$U$6*C8+$U$7 -> 1.9851693 | G8: =$U$10*A8+$U$11 -> -3.4511137 | H8: =TANH(G8) -> -0.99799093 | I8: =$U$12*H8+$U$13 -> -1.0818319 | J8: =$U$14*H8+$U$15 -> -1.9086147 | K8: =$U$16*H8+$U$17 -> -2.0486602 | L8: =SUM(D8,I8) -> 0.98528178 | M8: =SUM(E8,J8) -> 0.076554611 | N8: =SUM(F8,K8) -> -0.063490849 | O8: 0.98283074 | P8: 0.012651331 | Q8: 0.0030346095 | R8: =SUM((L8-O8)^2, (M8-P8)^2, (N8-Q8)^2)/60 -> 0.00014192122 | T8: w12R | U8: -8.2452273 | V8: -0.065841424
A9: 7 | B9: =$U$2*A9+$U$3 -> 3.4954182 | C9: =1/(1+EXP(-B9)) -> 0.97055712 | D9: =$U$4*C9+$U$5 -> 2.0578273 | E9: =$U$6*C9+$U$7 -> 1.9898303 | F9: =$U$6*C9+$U$7 -> 1.9898303 | G9: =$U$10*A9+$U$11 -> -3.3254131 | H9: =TANH(G9) -> -0.99741743 | I9: =$U$12*H9+$U$13 -> -1.0818368 | J9: =$U$14*H9+$U$15 -> -1.9087509 | K9: =$U$16*H9+$U$17 -> -2.0485197 | L9: =SUM(D9,I9) -> 0.97599048 | M9: =SUM(E9,J9) -> 0.081079408 | N9: =SUM(F9,K9) -> -0.058689403 | O9: 0.97539399 | P9: 0.020354 | Q9: 0.007466831 | R9: =SUM((L9-O9)^2, (M9-P9)^2, (N9-Q9)^2)/60 -> 0.00013440964 | T9: b12R | U9: -5.0808451 | V9: 0.58028762
A10: 8 | B10: =$U$2*A10+$U$3 -> 3.1004747 | C10: =1/(1+EXP(-B10)) -> 0.95691232 | D10: =$U$4*C10+$U$5 -> 2.0443679 | E10: =$U$6*C10+$U$7 -> 1.9965858 | F10: =$U$6*C10+$U$7 -> 1.9965858 | G10: =$U$10*A10+$U$11 -> -3.1997126 | H10: =TANH(G10) -> -0.99668049 | I10: =$U$12*H10+$U$13 -> -1.0818431 | J10: =$U$14*H10+$U$15 -> -1.9089259 | K10: =$U$16*H10+$U$17 -> -2.0483392 | L10: =SUM(D10,I10) -> 0.96252472 | M10: =SUM(E10,J10) -> 0.087659918 | N10: =SUM(F10,K10) -> -0.051753404 | O10: 0.96249141 | P10: 0.033533967 | Q10: 0.0091761695 | R10: =SUM((L10-O10)^2, (M10-P10)^2, (N10-Q10)^2)/60 -> 0.00011070054 | S10: 2nd Neuron | T10: w21 | U10: 0.12570057 | V10: -0.13593674
A11: 9 | B11: =$U$2*A11+$U$3 -> 2.7055313 | C11: =1/(1+EXP(-B11)) -> 0.93735225 | D11: =$U$4*C11+$U$5 -> 2.0250735 | E11: =$U$6*C11+$U$7 -> 2.0062699 | F11: =$U$6*C11+$U$7 -> 2.0062699 | G11: =$U$10*A11+$U$11 -> -3.074012 | H11: =TANH(G11) -> -0.99573372 | I11: =$U$12*H11+$U$13 -> -1.0818512 | J11: =$U$14*H11+$U$15 -> -1.9091507 | K11: =$U$16*H11+$U$17 -> -2.0481073 | L11: =SUM(D11,I11) -> 0.94322223 | M11: =SUM(E11,J11) -> 0.09711924 | N11: =SUM(F11,K11) -> -0.041837369 | O11: 0.94450237 | P11: 0.047496166 | Q11: 0.007522534 | R11: =SUM((L11-O11)^2, (M11-P11)^2, (N11-Q11)^2)/60 -> 8.1674805e-05 | T11: b21 | U11: -4.2053171 | V11: 4.6279142
A12: 10 | B12: =$U$2*A12+$U$3 -> 2.3105879 | C12: =1/(1+EXP(-B12)) -> 0.90975014 | D12: =$U$4*C12+$U$5 -> 1.9978463 | E12: =$U$6*C12+$U$7 -> 2.0199357 | F12: =$U$6*C12+$U$7 -> 2.0199357 | G12: =$U$10*A12+$U$11 -> -2.9483114 | H12: =TANH(G12) -> -0.99451765 | I12: =$U$12*H12+$U$13 -> -1.0818616 | J12: =$U$14*H12+$U$15 -> -1.9094395 | K12: =$U$16*H12+$U$17 -> -2.0478095 | L12: =SUM(D12,I12) -> 0.91598464 | M12: =SUM(E12,J12) -> 0.11049621 | N12: =SUM(F12,K12) -> -0.027873788 | O12: 0.91819898 | P12: 0.067597221 | Q12: 0.0032927993 | R12: =SUM((L12-O12)^2, (M12-P12)^2, (N12-Q12)^2)/60 -> 4.6943039e-05 | S12: Output for 2nd | T12: w22S | U12: -0.0085469138 | V12: 0.011933844
A13: 11 | B13: =$U$2*A13+$U$3 -> 1.9156445 | C13: =1/(1+EXP(-B13)) -> 0.87165195 | D13: =$U$4*C13+$U$5 -> 1.9602655 | E13: =$U$6*C13+$U$7 -> 2.038798 | F13: =$U$6*C13+$U$7 -> 2.038798 | G13: =$U$10*A13+$U$11 -> -2.8226109 | H13: =TANH(G13) -> -0.99295617 | I13: =$U$12*H13+$U$13 -> -1.081875 | J13: =$U$14*H13+$U$15 -> -1.9098103 | K13: =$U$16*H13+$U$17 -> -2.047427 | L13: =SUM(D13,I13) -> 0.87839058 | M13: =SUM(E13,J13) -> 0.12898773 | N13: =SUM(F13,K13) -> -0.0086290262 | O13: 0.89021614 | P13: 0.095969398 | Q13: 0.019651499 | R13: =SUM((L13-O13)^2, (M13-P13)^2, (N13-Q13)^2)/60 -> 3.3830704e-05 | T13: b22S | U13: -1.0903617 | V13: -0.014264623
A14: 12 | B14: =$U$2*A14+$U$3 -> 1.5207011 | C14: =1/(1+EXP(-B14)) -> 0.8206417 | D14: =$U$4*C14+$U$5 -> 1.9099482 | E14: =$U$6*C14+$U$7 -> 2.064053 | F14: =$U$6*C14+$U$7 -> 2.064053 | G14: =$U$10*A14+$U$11 -> -2.6969103 | H14: =TANH(G14) -> -0.99095197 | I14: =$U$12*H14+$U$13 -> -1.0818921 | J14: =$U$14*H14+$U$15 -> -1.9102862 | K14: =$U$16*H14+$U$17 -> -2.0469361 | L14: =SUM(D14,I14) -> 0.82805606 | M14: =SUM(E14,J14) -> 0.15376686 | N14: =SUM(F14,K14) -> 0.017116902 | O14: 0.83105635 | P14: 0.13982037 | Q14: 0.024532806 | R14: =SUM((L14-O14)^2, (M14-P14)^2, (N14-Q14)^2)/60 -> 4.3083652e-06 | T14: w22I | U14: -0.23746059 | V14: 0.21749991
A15: 13 | B15: =$U$2*A15+$U$3 -> 1.1257577 | C15: =1/(1+EXP(-B15)) -> 0.75505514 | D15: =$U$4*C15+$U$5 -> 1.8452524 | E15: =$U$6*C15+$U$7 -> 2.0965248 | F15: =$U$6*C15+$U$7 -> 2.0965248 | G15: =$U$10*A15+$U$11 -> -2.5712097 | H15: =TANH(G15) -> -0.98838083 | I15: =$U$12*H15+$U$13 -> -1.0819141 | J15: =$U$14*H15+$U$15 -> -1.9108967 | K15: =$U$16*H15+$U$17 -> -2.0463064 | L15: =SUM(D15,I15) -> 0.76333837 | M15: =SUM(E15,J15) -> 0.18562805 | N15: =SUM(F15,K15) -> 0.050218375 | O15: 0.77338802 | P15: 0.1957633 | Q15: 0.038447975 | R15: =SUM((L15-O15)^2, (M15-P15)^2, (N15-Q15)^2)/60 -> 5.7043508e-06 | T15: b22I | U15: -2.1455982 | V15: 0.32240452
A16: 14 | B16: =$U$2*A16+$U$3 -> 0.73081427 | C16: =1/(1+EXP(-B16)) -> 0.67498393 | D16: =$U$4*C16+$U$5 -> 1.7662688 | E16: =$U$6*C16+$U$7 -> 2.1361678 | F16: =$U$6*C16+$U$7 -> 2.1361678 | G16: =$U$10*A16+$U$11 -> -2.4455092 | H16: =TANH(G16) -> -0.98508454 | I16: =$U$12*H16+$U$13 -> -1.0819422 | J16: =$U$14*H16+$U$15 -> -1.9116795 | K16: =$U$16*H16+$U$17 -> -2.0454991 | L16: =SUM(D16,I16) -> 0.68432657 | M16: =SUM(E16,J16) -> 0.22448837 | N16: =SUM(F16,K16) -> 0.090668776 | O16: 0.68790871 | P16: 0.25894601 | Q16: 0.063388111 | R16: =SUM((L16-O16)^2, (M16-P16)^2, (N16-Q16)^2)/60 -> 3.2406595e-05 | T16: w22R | U16: 0.2449257 | V16: -0.23429521
A17: 15 | B17: =$U$2*A17+$U$3 -> 0.33587085 | C17: =1/(1+EXP(-B17)) -> 0.58318716 | D17: =$U$4*C17+$U$5 -> 1.6757189 | E17: =$U$6*C17+$U$7 -> 2.1816162 | F17: =$U$6*C17+$U$7 -> 2.1816162 | G17: =$U$10*A17+$U$11 -> -2.3198086 | H17: =TANH(G17) -> -0.98086211 | I17: =$U$12*H17+$U$13 -> -1.0819783 | J17: =$U$14*H17+$U$15 -> -1.9126821 | K17: =$U$16*H17+$U$17 -> -2.0444649 | L17: =SUM(D17,I17) -> 0.59374056 | M17: =SUM(E17,J17) -> 0.26893406 | N17: =SUM(F17,K17) -> 0.13715131 | O17: 0.59497832 | P17: 0.33076846 | Q17: 0.073720662 | R17: =SUM((L17-O17)^2, (M17-P17)^2, (N17-Q17)^2)/60 -> 0.00013080786 | T17: b22R | U17: -1.8042265 | V17: 0.69072401
A18: 16 | B18: =$U$2*A18+$U$3 -> -0.059072558 | C18: =1/(1+EXP(-B18)) -> 0.48523615 | D18: =$U$4*C18+$U$5 -> 1.5790983 | E18: =$U$6*C18+$U$7 -> 2.2301115 | F18: =$U$6*C18+$U$7 -> 2.2301115 | G18: =$U$10*A18+$U$11 -> -2.194108 | H18: =TANH(G18) -> -0.97545912 | I18: =$U$12*H18+$U$13 -> -1.0820245 | J18: =$U$14*H18+$U$15 -> -1.9139651 | K18: =$U$16*H18+$U$17 -> -2.0431415 | L18: =SUM(D18,I18) -> 0.49707382 | M18: =SUM(E18,J18) -> 0.31614636 | N18: =SUM(F18,K18) -> 0.18696993 | O18: 0.48898601 | P18: 0.4078998 | Q18: 0.099755418 | R18: =SUM((L18-O18)^2, (M18-P18)^2, (N18-Q18)^2)/60 -> 0.00026817465 | V18: 0.068694641
A19: 17 | B19: =$U$2*A19+$U$3 -> -0.45401597 | C19: =1/(1+EXP(-B19)) -> 0.38840636 | D19: =$U$4*C19+$U$5 -> 1.4835838 | E19: =$U$6*C19+$U$7 -> 2.2780517 | F19: =$U$6*C19+$U$7 -> 2.2780517 | G19: =$U$10*A19+$U$11 -> -2.0684074 | H19: =TANH(G19) -> -0.96855499 | I19: =$U$12*H19+$U$13 -> -1.0820835 | J19: =$U$14*H19+$U$15 -> -1.9156046 | K19: =$U$16*H19+$U$17 -> -2.0414505 | L19: =SUM(D19,I19) -> 0.40150023 | M19: =SUM(E19,J19) -> 0.36244708 | N19: =SUM(F19,K19) -> 0.23660112 | O19: 0.39651124 | P19: 0.47372643 | Q19: 0.13353312 | R19: =SUM((L19-O19)^2, (M19-P19)^2, (N19-Q19)^2)/60 -> 0.00038384991 | V19: 0.44557095
A20: 18 | B20: =$U$2*A20+$U$3 -> -0.84895938 | C20: =1/(1+EXP(-B20)) -> 0.2996512 | D20: =$U$4*C20+$U$5 -> 1.3960341 | E20: =$U$6*C20+$U$7 -> 2.3219941 | F20: =$U$6*C20+$U$7 -> 2.3219941 | G20: =$U$10*A20+$U$11 -> -1.9427069 | H20: =TANH(G20) -> -0.95974809 | I20: =$U$12*H20+$U$13 -> -1.0821588 | J20: =$U$14*H20+$U$15 -> -1.9176959 | K20: =$U$16*H20+$U$17 -> -2.0392935 | L20: =SUM(D20,I20) -> 0.31387533 | M20: =SUM(E20,J20) -> 0.40429825 | N20: =SUM(F20,K20) -> 0.28270061 | O20: 0.31251276 | P20: 0.52750319 | Q20: 0.17173201 | R20: =SUM((L20-O20)^2, (M20-P20)^2, (N20-Q20)^2)/60 -> 0.00045825578
A21: 19 | B21: =$U$2*A21+$U$3 -> -1.2439028 | C21: =1/(1+EXP(-B21)) -> 0.22375738 | D21: =$U$4*C21+$U$5 -> 1.3211712 | E21: =$U$6*C21+$U$7 -> 2.359569 | F21: =$U$6*C21+$U$7 -> 2.359569 | G21: =$U$10*A21+$U$11 -> -1.8170063 | H21: =TANH(G21) -> -0.94853909 | I21: =$U$12*H21+$U$13 -> -1.0822546 | J21: =$U$14*H21+$U$15 -> -1.9203576 | K21: =$U$16*H21+$U$17 -> -2.0365481 | L21: =SUM(D21,I21) -> 0.23891656 | M21: =SUM(E21,J21) -> 0.43921139 | N21: =SUM(F21,K21) -> 0.32302082 | O21: 0.23552071 | P21: 0.55793615 | Q21: 0.20873749 | R21: =SUM((L21-O21)^2, (M21-P21)^2, (N21-Q21)^2)/60 -> 0.00045279634
A22: 20 | B22: =$U$2*A22+$U$3 -> -1.6388462 | C22: =1/(1+EXP(-B22)) -> 0.16262212 | D22: =$U$4*C22+$U$5 -> 1.2608663 | E22: =$U$6*C22+$U$7 -> 2.3898369 | F22: =$U$6*C22+$U$7 -> 2.3898369 | G22: =$U$10*A22+$U$11 -> -1.6913057 | H22: =TANH(G22) -> -0.93431332 | I22: =$U$12*H22+$U$13 -> -1.0823762 | J22: =$U$14*H22+$U$15 -> -1.9237356 | K22: =$U$16*H22+$U$17 -> -2.0330639 | L22: =SUM(D22,I22) -> 0.1784901 | M22: =SUM(E22,J22) -> 0.46610124 | N22: =SUM(F22,K22) -> 0.35677299 | O22: 0.18802497 | P22: 0.57727762 | Q22: 0.24586794 | R22: =SUM((L22-O22)^2, (M22-P22)^2, (N22-Q22)^2)/60 -> 0.0004125172
A23: 21 | B23: =$U$2*A23+$U$3 -> -2.0337896 | C23: =1/(1+EXP(-B23)) -> 0.11570063 | D23: =$U$4*C23+$U$5 -> 1.2145821 | E23: =$U$6*C23+$U$7 -> 2.4130676 | F23: =$U$6*C23+$U$7 -> 2.4130676 | G23: =$U$10*A23+$U$11 -> -1.5656052 | H23: =TANH(G23) -> -0.91632388 | I23: =$U$12*H23+$U$13 -> -1.0825299 | J23: =$U$14*H23+$U$15 -> -1.9280074 | K23: =$U$16*H23+$U$17 -> -2.0286578 | L23: =SUM(D23,I23) -> 0.13205217 | M23: =SUM(E23,J23) -> 0.48506017 | N23: =SUM(F23,K23) -> 0.38440978 | O23: 0.1379074 | P23: 0.57947853 | Q23: 0.28965693 | R23: =SUM((L23-O23)^2, (M23-P23)^2, (N23-Q23)^2)/60 -> 0.00029878686
A24: 22 | B24: =$U$2*A24+$U$3 -> -2.428733 | C24: =1/(1+EXP(-B24)) -> 0.081007737 | D24: =$U$4*C24+$U$5 -> 1.1803604 | E24: =$U$6*C24+$U$7 -> 2.4302439 | F24: =$U$6*C24+$U$7 -> 2.4302439 | G24: =$U$10*A24+$U$11 -> -1.4399046 | H24: =TANH(G24) -> -0.89367852 | I24: =$U$12*H24+$U$13 -> -1.0827235 | J24: =$U$14*H24+$U$15 -> -1.9333848 | K24: =$U$16*H24+$U$17 -> -2.0231114 | L24: =SUM(D24,I24) -> 0.097636957 | M24: =SUM(E24,J24) -> 0.49685915 | N24: =SUM(F24,K24) -> 0.40713257 | O24: 0.099076318 | P24: 0.57261055 | Q24: 0.33141839 | R24: =SUM((L24-O24)^2, (M24-P24)^2, (N24-Q24)^2)/60 -> 0.00019121641
A25: 23 | B25: =$U$2*A25+$U$3 -> -2.8236764 | C25: =1/(1+EXP(-B25)) -> 0.056058075 | D25: =$U$4*C25+$U$5 -> 1.1557497 | E25: =$U$6*C25+$U$7 -> 2.4425965 | F25: =$U$6*C25+$U$7 -> 2.4425965 | G25: =$U$10*A25+$U$11 -> -1.314204 | H25: =TANH(G25) -> -0.86533529 | I25: =$U$12*H25+$U$13 -> -1.0829657 | J25: =$U$14*H25+$U$15 -> -1.9401152 | K25: =$U$16*H25+$U$17 -> -2.0161694 | L25: =SUM(D25,I25) -> 0.072783932 | M25: =SUM(E25,J25) -> 0.50248126 | N25: =SUM(F25,K25) -> 0.42642707 | O25: 0.076771549 | P25: 0.55462506 | Q25: 0.37486334 | R25: =SUM((L25-O25)^2, (M25-P25)^2, (N25-Q25)^2)/60 -> 8.98949e-05 | AC25: beta | AD25: 0.5 | AE25: 0.44557095 | AF25: =ABS(AE25-AD25)/AD25 -> 0.10885809
A26: 24 | B26: =$U$2*A26+$U$3 -> -3.2186199 | C26: =1/(1+EXP(-B26)) -> 0.038471006 | D26: =$U$4*C26+$U$5 -> 1.1384015 | E26: =$U$6*C26+$U$7 -> 2.4513038 | F26: =$U$6*C26+$U$7 -> 2.4513038 | G26: =$U$10*A26+$U$11 -> -1.1885035 | H26: =TANH(G26) -> -0.83011415 | I26: =$U$12*H26+$U$13 -> -1.0832668 | J26: =$U$14*H26+$U$15 -> -1.9484788 | K26: =$U$16*H26+$U$17 -> -2.0075428 | L26: =SUM(D26,I26) -> 0.055134711 | M26: =SUM(E26,J26) -> 0.50282495 | N26: =SUM(F26,K26) -> 0.44376094 | O26: 0.055033185 | P26: 0.53385373 | Q26: 0.41205954 | R26: =SUM((L26-O26)^2, (M26-P26)^2, (N26-Q26)^2)/60 -> 3.2796243e-05
A27: 25 | B27: =$U$2*A27+$U$3 -> -3.6135633 | C27: =1/(1+EXP(-B27)) -> 0.026248092 | D27: =$U$4*C27+$U$5 -> 1.1263446 | E27: =$U$6*C27+$U$7 -> 2.4573553 | F27: =$U$6*C27+$U$7 -> 2.4573553 | G27: =$U$10*A27+$U$11 -> -1.0628029 | H27: =TANH(G27) -> -0.78673425 | I27: =$U$12*H27+$U$13 -> -1.0836375 | J27: =$U$14*H27+$U$15 -> -1.9587798 | K27: =$U$16*H27+$U$17 -> -1.996918 | L27: =SUM(D27,I27) -> 0.042707053 | M27: =SUM(E27,J27) -> 0.49857546 | N27: =SUM(F27,K27) -> 0.46043733 | O27: 0.041882891 | P27: 0.51004857 | Q27: 0.44388223 | R27: =SUM((L27-O27)^2, (M27-P27)^2, (N27-Q27)^2)/60 -> 6.773042e-06
A28: 26 | B28: =$U$2*A28+$U$3 -> -4.0085067 | C28: =1/(1+EXP(-B28)) -> 0.017836573 | D28: =$U$4*C28+$U$5 -> 1.1180473 | E28: =$U$6*C28+$U$7 -> 2.4615198 | F28: =$U$6*C28+$U$7 -> 2.4615198 | G28: =$U$10*A28+$U$11 -> -0.93710231 | H28: =TANH(G28) -> -0.73388808 | I28: =$U$12*H28+$U$13 -> -1.0840892 | J28: =$U$14*H28+$U$15 -> -1.9713287 | K28: =$U$16*H28+$U$17 -> -1.9839746 | L28: =SUM(D28,I28) -> 0.033958115 | M28: =SUM(E28,J28) -> 0.4901911 | N28: =SUM(F28,K28) -> 0.47754524 | O28: 0.026899077 | P28: 0.48054749 | Q28: 0.48772295 | R28: =SUM((L28-O28)^2, (M28-P28)^2, (N28-Q28)^2)/60 -> 4.1069207e-06
A29: 27 | B29: =$U$2*A29+$U$3 -> -4.4034501 | C29: =1/(1+EXP(-B29)) -> 0.012087168 | D29: =$U$4*C29+$U$5 -> 1.112376 | E29: =$U$6*C29+$U$7 -> 2.4643663 | F29: =$U$6*C29+$U$7 -> 2.4643663 | G29: =$U$10*A29+$U$11 -> -0.81140174 | H29: =TANH(G29) -> -0.6703628 | I29: =$U$12*H29+$U$13 -> -1.0846321 | J29: =$U$14*H29+$U$15 -> -1.9864135 | K29: =$U$16*H29+$U$17 -> -1.9684156 | L29: =SUM(D29,I29) -> 0.027743857 | M29: =SUM(E29,J29) -> 0.47795287 | N29: =SUM(F29,K29) -> 0.49595072 | O29: 0.028643067 | P29: 0.45621581 | Q29: 0.51359202 | R29: =SUM((L29-O29)^2, (M29-P29)^2, (N29-Q29)^2)/60 -> 1.3075392e-05
A30: 28 | B30: =$U$2*A30+$U$3 -> -4.7983935 | C30: =1/(1+EXP(-B30)) -> 0.0081755875 | D30: =$U$4*C30+$U$5 -> 1.1085176 | E30: =$U$6*C30+$U$7 -> 2.466303 | F30: =$U$6*C30+$U$7 -> 2.466303 | G30: =$U$10*A30+$U$11 -> -0.68570117 | H30: =TANH(G30) -> -0.59521326 | I30: =$U$12*H30+$U$13 -> -1.0852744 | J30: =$U$14*H30+$U$15 -> -2.0042585 | K30: =$U$16*H30+$U$17 -> -1.9500096 | L30: =SUM(D30,I30) -> 0.02324311 | M30: =SUM(E30,J30) -> 0.46204442 | N30: =SUM(F30,K30) -> 0.51629339 | O30: 0.018585383 | P30: 0.43462183 | Q30: 0.54771314 | R30: =SUM((L30-O30)^2, (M30-P30)^2, (N30-Q30)^2)/60 -> 2.9348233e-05
A31: 29 | B31: =$U$2*A31+$U$3 -> -5.1933369 | C31: =1/(1+EXP(-B31)) -> 0.0055227741 | D31: =$U$4*C31+$U$5 -> 1.1059008 | E31: =$U$6*C31+$U$7 -> 2.4676164 | F31: =$U$6*C31+$U$7 -> 2.4676164 | G31: =$U$10*A31+$U$11 -> -0.5600006 | H31: =TANH(G31) -> -0.50797788 | I31: =$U$12*H31+$U$13 -> -1.08602 | J31: =$U$14*H31+$U$15 -> -2.0249735 | K31: =$U$16*H31+$U$17 -> -1.9286434 | L31: =SUM(D31,I31) -> 0.019880735 | M31: =SUM(E31,J31) -> 0.44264286 | N31: =SUM(F31,K31) -> 0.53897298 | O31: 0.016441051 | P31: 0.40770547 | Q31: 0.57331042 | R31: =SUM((L31-O31)^2, (M31-P31)^2, (N31-Q31)^2)/60 -> 4.0191877e-05
A32: 30 | B32: =$U$2*A32+$U$3 -> -5.5882803 | C32: =1/(1+EXP(-B32)) -> 0.0037275101 | D32: =$U$4*C32+$U$5 -> 1.1041299 | E32: =$U$6*C32+$U$7 -> 2.4685052 | F32: =$U$6*C32+$U$7 -> 2.4685052 | G32: =$U$10*A32+$U$11 -> -0.43430003 | H32: =TANH(G32) -> -0.40890863 | I32: =$U$12*H32+$U$13 -> -1.0868668 | J32: =$U$14*H32+$U$15 -> -2.0484985 | K32: =$U$16*H32+$U$17 -> -1.9043788 | L32: =SUM(D32,I32) -> 0.01726312 | M32: =SUM(E32,J32) -> 0.42000665 | N32: =SUM(F32,K32) -> 0.56412641 | O32: 0.016927266 | P32: 0.38076373 | Q32: 0.60213874 | R32: =SUM((L32-O32)^2, (M32-P32)^2, (N32-Q32)^2)/60 -> 4.9750953e-05
A33: 31 | B33: =$U$2*A33+$U$3 -> -5.9832237 | C33: =1/(1+EXP(-B33)) -> 0.0025143493 | D33: =$U$4*C33+$U$5 -> 1.1029332 | E33: =$U$6*C33+$U$7 -> 2.4691058 | F33: =$U$6*C33+$U$7 -> 2.4691058 | G33: =$U$10*A33+$U$11 -> -0.30859946 | H33: =TANH(G33) -> -0.29916244 | I33: =$U$12*H33+$U$13 -> -1.0878048 | J33: =$U$14*H33+$U$15 -> -2.0745589 | K33: =$U$16*H33+$U$17 -> -1.8774991 | L33: =SUM(D33,I33) -> 0.015128446 | M33: =SUM(E33,J33) -> 0.39454689 | N33: =SUM(F33,K33) -> 0.59160671 | O33: 0.0055360201 | P33: 0.35516466 | Q33: 0.62492175 | R33: =SUM((L33-O33)^2, (M33-P33)^2, (N33-Q33)^2)/60 -> 4.5881115e-05
A34: 32 | B34: =$U$2*A34+$U$3 -> -6.3781672 | C34: =1/(1+EXP(-B34)) -> 0.0016953536 | D34: =$U$4*C34+$U$5 -> 1.1021253 | E34: =$U$6*C34+$U$7 -> 2.4695113 | F34: =$U$6*C34+$U$7 -> 2.4695113 | G34: =$U$10*A34+$U$11 -> -0.18289889 | H34: =TANH(G34) -> -0.18088637 | I34: =$U$12*H34+$U$13 -> -1.0888157 | J34: =$U$14*H34+$U$15 -> -2.1026448 | K34: =$U$16*H34+$U$17 -> -1.8485303 | L34: =SUM(D34,I34) -> 0.013309679 | M34: =SUM(E34,J34) -> 0.36686647 | N34: =SUM(F34,K34) -> 0.62098104 | O34: 0.0055516744 | P34: 0.33275256 | Q34: 0.65513191 | R34: =SUM((L34-O34)^2, (M34-P34)^2, (N34-Q34)^2)/60 -> 3.9837119e-05
A35: 33 | B35: =$U$2*A35+$U$3 -> -6.7731106 | C35: =1/(1+EXP(-B35)) -> 0.0011428227 | D35: =$U$4*C35+$U$5 -> 1.1015803 | E35: =$U$6*C35+$U$7 -> 2.4697849 | F35: =$U$6*C35+$U$7 -> 2.4697849 | G35: =$U$10*A35+$U$11 -> -0.057198323 | H35: =TANH(G35) -> -0.057136027 | I35: =$U$12*H35+$U$13 -> -1.0898733 | J35: =$U$14*H35+$U$15 -> -2.1320307 | K35: =$U$16*H35+$U$17 -> -1.8182206 | L35: =SUM(D35,I35) -> 0.011706969 | M35: =SUM(E35,J35) -> 0.33775419 | N35: =SUM(F35,K35) -> 0.65156424 | O35: 0.012931474 | P35: 0.31162242 | Q35: 0.68166378 | R35: =SUM((L35-O35)^2, (M35-P35)^2, (N35-Q35)^2)/60 -> 2.650586e-05
A36: 34 | B36: =$U$2*A36+$U$3 -> -7.168054 | C36: =1/(1+EXP(-B36)) -> 0.0007702276 | D36: =$U$4*C36+$U$5 -> 1.1012128 | E36: =$U$6*C36+$U$7 -> 2.4699693 | F36: =$U$6*C36+$U$7 -> 2.4699693 | G36: =$U$10*A36+$U$11 -> 0.068502247 | H36: =TANH(G36) -> 0.068395297 | I36: =$U$12*H36+$U$13 -> -1.0909462 | J36: =$U$14*H36+$U$15 -> -2.1618394 | K36: =$U$16*H36+$U$17 -> -1.7874748 | L36: =SUM(D36,I36) -> 0.01026653 | M36: =SUM(E36,J36) -> 0.30812992 | N36: =SUM(F36,K36) -> 0.68249455 | O36: 0.0086066662 | P36: 0.29035003 | Q36: 0.69814063 | R36: =SUM((L36-O36)^2, (M36-P36)^2, (N36-Q36)^2)/60 -> 9.3946561e-06
A37: 35 | B37: =$U$2*A37+$U$3 -> -7.5629974 | C37: =1/(1+EXP(-B37)) -> 0.00051904677 | D37: =$U$4*C37+$U$5 -> 1.100965 | E37: =$U$6*C37+$U$7 -> 2.4700937 | F37: =$U$6*C37+$U$7 -> 2.4700937 | G37: =$U$10*A37+$U$11 -> 0.19420282 | H37: =TANH(G37) -> 0.19179766 | I37: =$U$12*H37+$U$13 -> -1.092001 | J37: =$U$14*H37+$U$15 -> -2.1911426 | K37: =$U$16*H37+$U$17 -> -1.7572504 | L37: =SUM(D37,I37) -> 0.0089640512 | M37: =SUM(E37,J37) -> 0.27895108 | N37: =SUM(F37,K37) -> 0.71284332 | O37: 0.007357598 | P37: 0.27250954 | Q37: 0.71941412 | R37: =SUM((L37-O37)^2, (M37-P37)^2, (N37-Q37)^2)/60 -> 1.4541571e-06
... A61: 59 | B61: =$U$2*A61+$U$3 -> -17.041639 | C61: =1/(1+EXP(-B61)) -> 3.9710932e-08 | D61: =$U$4*C61+$U$5 -> 1.100453 | E61: =$U$6*C61+$U$7 -> 2.4703506 | F61: =$U$6*C61+$U$7 -> 2.4703506 | G61: =$U$10*A61+$U$11 -> 3.2110165 | H61: =TANH(G61) -> 0.99675458 | I61: =$U$12*H61+$U$13 -> -1.0988809 | J61: =$U$14*H61+$U$15 -> -2.3822882 | K61: =$U$16*H61+$U$17 -> -1.5600957 | L61: =SUM(D61,I61) -> 0.0015721962 | M61: =SUM(E61,J61) -> 0.088062496 | N61: =SUM(F61,K61) -> 0.91025492 | O61: -0.00010788248 | P61: 0.053596926 | Q61: 0.94100736 | R61: =SUM((L61-O61)^2, (M61-P61)^2, (N61-Q61)^2)/60 -> 3.5606851e-05

Sheet SIR_with 3 Neurons
A1: Day | B1: 1st Neuron | C1: ActFunc 1 | D1: f13S Predicted | E1: f13I Predicted | F1: f13R Predicted | G1: 2nd Neuron | H1: Act Fun 2 | I1: f23S Predicted | J1: f23I Predicted | K1: f23R Predicted | L1: 3rd Neuron | M1: Act Fun 3 | N1: f33S Predicted | O1: f33I Predicted | P1: f33R Predicted | Q1: S Pred | R1: I Pred | S1: R Pred | T1: S Real | U1: I Real | V1: R Real | W1: MSE | X1: Hidden Layer | Y1: Parameter | Z1: Value | AB1: MSE avg
A2: 0 | B2: =$Z$2*A2+$Z$3 -> -9.2993754 | C2: =1/(1+EXP(-B2)) -> 9.1472981e-05 | D2: =$Z$4*C2+$Z$5 -> -4.7912355 | E2: =$Z$6*C2+$Z$7 -> -2.2988216 | F2: =$Z$6*C2+$Z$7 -> -2.2988216 | G2: =$Z$10*A2+$Z$11 -> 1.7018717 | H2: =TANH(G2) -> 0.93564264 | I2: =$Z$12*H2+$Z$13 -> 6.1619041 | J2: =$Z$14*H2+$Z$15 -> -5.1253158 | K2: =$Z$16*H2+$Z$17 -> 5.8607233 | L2: =$Z$18*A2+$Z$19 -> 1.6548383 | M2: =TANH(L2) -> 0.92951857 | N2: =$Z$20*M2+$Z$21 -> -0.31531485 | O2: =$Z$22*M2+$Z$23 -> 7.4290104 | P2: =$Z$24*M2+$Z$25 -> -3.6191285 | Q2: =SUM(D2,I2,N2) -> 1.0553537 | R2: =SUM(E2,J2,O2) -> 0.0048729137 | S2: =SUM(F2,K2,P2) -> -0.057226901 | T2: 0.99916903 | U2: -0.00051644142 | V2: 0.0012964653 | W2: =SUM((Q2-T2)^2, (R2-U2)^2, (S2-V2)^2)/60 -> 0.0001101792 | X2: 1st Neuron | Y2: w11 | Z2: -7.1141902 | AA2: -7.1141902 | AB2: =AVERAGE(W2:W61) -> 4.4425913e-05
A3: 1 | B3: =$Z$2*A3+$Z$3 -> -16.413566 | C3: =1/(1+EXP(-B3)) -> 7.4418167e-08 | D3: =$Z$4*C3+$Z$5 -> -4.7908521 | E3: =$Z$6*C3+$Z$7 -> -2.2995974 | F3: =$Z$6*C3+$Z$7 -> -2.2995974 | G3: =$Z$10*A3+$Z$11 -> 1.6023899 | H3: =TANH(G3) -> 0.9220275 | I3: =$Z$12*H3+$Z$13 -> 6.1111805 | J3: =$Z$14*H3+$Z$15 -> -4.9935104 | K3: =$Z$16*H3+$Z$17 -> 5.7776979 | L3: =$Z$18*A3+$Z$19 -> 1.5603363 | M3: =TANH(L3) -> 0.91547492 | N3: =$Z$20*M3+$Z$21 -> -0.27042466 | O3: =$Z$22*M3+$Z$23 -> 7.2932748 | P3: =$Z$24*M3+$Z$25 -> -3.5262679 | Q3: =SUM(D3,I3,N3) -> 1.0499037 | R3: =SUM(E3,J3,O3) -> 0.00016692997 | S3: =SUM(F3,K3,P3) -> -0.048167404 | T3: 0.98960194 | U3: 0.0021639113 | V3: 0.002694591 | W3: =SUM((Q3-T3)^2, (R3-U3)^2, (S3-V3)^2)/60 -> 0.00010378718 | Y3: b11 | Z3: -9.2993754 | AA3: -9.2993754
A4: 2 | B4: =$Z$2*A4+$Z$3 -> -23.527756 | C4: =1/(1+EXP(-B4)) -> 6.0537633e-11 | D4: =$Z$4*C4+$Z$5 -> -4.7908518 | E4: =$Z$6*C4+$Z$7 -> -2.2995981 | F4: =$Z$6*C4+$Z$7 -> -2.2995981 | G4: =$Z$10*A4+$Z$11 -> 1.502908 | H4: =TANH(G4) -> 0.90567238 | I4: =$Z$12*H4+$Z$13 -> 6.050249 | J4: =$Z$14*H4+$Z$15 -> -4.8351797 | K4: =$Z$16*H4+$Z$17 -> 5.677964 | L4: =$Z$18*A4+$Z$19 -> 1.4658343 | M4: =TANH(L4) -> 0.89877981 | N4: =$Z$20*M4+$Z$21 -> -0.21705918 | O4: =$Z$22*M4+$Z$23 -> 7.1319123 | P4: =$Z$24*M4+$Z$25 -> -3.415875 | Q4: =SUM(D4,I4,N4) -> 1.042338 | R4: =SUM(E4,J4,O4) -> -0.0028655484 | S4: =SUM(F4,K4,P4) -> -0.037509063 | T4: 1.0027007 | U4: 0.0033100596 | V4: -0.0047185297 | W4: =SUM((Q4-T4)^2, (R4-U4)^2, (S4-V4)^2)/60 -> 4.4741203e-05 | X4: Output for 1st | Y4: w12S | Z4: -4.1942052 | AA4: -4.1942052
A5: 3 | B5: =$Z$2*A5+$Z$3 -> -30.641946 | C5: =1/(1+EXP(-B5)) -> 4.9246104e-14 | D5: =$Z$4*C5+$Z$5 -> -4.7908518 | E5: =$Z$6*C5+$Z$7 -> -2.2995981 | F5: =$Z$6*C5+$Z$7 -> -2.2995981 | G5: =$Z$10*A5+$Z$11 -> 1.4034262 | H5: =TANH(G5) -> 0.88608999 | I5: =$Z$12*H5+$Z$13 -> 5.9772942 | J5: =$Z$14*H5+$Z$15 -> -4.6456066 | K5: =$Z$16*H5+$Z$17 -> 5.5585503 | L5: =$Z$18*A5+$Z$19 -> 1.3713323 | M5: =TANH(L5) -> 0.87899546 | N5: =$Z$20*M5+$Z$21 -> -0.153819 | O5: =$Z$22*M5+$Z$23 -> 6.9406913 | P5: =$Z$24*M5+$Z$25 -> -3.2850552 | Q5: =SUM(D5,I5,N5) -> 1.0326234 | R5: =SUM(E5,J5,O5) -> -0.0045133451 | S5: =SUM(F5,K5,P5) -> -0.026102977 | T5: 0.99110329 | U5: 0.0015165638 | V5: 0.0024789689 | W5: =SUM((Q5-T5)^2, (R5-U5)^2, (S5-V5)^2)/60 -> 4.2953449e-05 | Y5: b12S | Z5: -4.7908518 | AA5: -4.7908518
A6: 4 | B6: =$Z$2*A6+$Z$3 -> -37.756136 | C6: =1/(1+EXP(-B6)) -> 4.006068e-17 | D6: =$Z$4*C6+$Z$5 -> -4.7908518 | E6: =$Z$6*C6+$Z$7 -> -2.2995981 | F6: =$Z$6*C6+$Z$7 -> -2.2995981 | G6: =$Z$10*A6+$Z$11 -> 1.3039444 | H6: =TANH(G6) -> 0.86273513 | I6: =$Z$12*H6+$Z$13 -> 5.890285 | J6: =$Z$14*H6+$Z$15 -> -4.4195129 | K6: =$Z$16*H6+$Z$17 -> 5.4161319 | L6: =$Z$18*A6+$Z$19 -> 1.2768303 | M6: =TANH(L6) -> 0.8556381 | N6: =$Z$20*M6+$Z$21 -> -0.079157763 | O6: =$Z$22*M6+$Z$23 -> 6.7149363 | P6: =$Z$24*M6+$Z$25 -> -3.1306095 | Q6: =SUM(D6,I6,N6) -> 1.0202754 | R6: =SUM(E6,J6,O6) -> -0.0041747001 | S6: =SUM(F6,K6,P6) -> -0.014075703 | T6: 0.99855053 | U6: 0.0020051112 | V6: 0.0038636349 | W6: =SUM((Q6-T6)^2, (R6-U6)^2, (S6-V6)^2)/60 -> 1.3866351e-05 | Y6: w12I | Z6: 8.4883201 | AA6: 8.4883201
A7: 5 | B7: =$Z$2*A7+$Z$3 -> -44.870327 | C7: =1/(1+EXP(-B7)) -> 3.2588529e-20 | D7: =$Z$4*C7+$Z$5 -> -4.7908518 | E7: =$Z$6*C7+$Z$7 -> -2.2995981 | F7: =$Z$6*C7+$Z$7 -> -2.2995981 | G7: =$Z$10*A7+$Z$11 -> 1.2044626 | H7: =TANH(G7) -> 0.83501073 | I7: =$Z$12*H7+$Z$13 -> 5.7869969 | J7: =$Z$14*H7+$Z$15 -> -4.1511185 | K7: =$Z$16*H7+$Z$17 -> 5.2470679 | L7: =$Z$18*A7+$Z$19 -> 1.1823283 | M7: =TANH(L7) -> 0.82818436 | N7: =$Z$20*M7+$Z$21 -> 0.0085974276 | O7: =$Z$22*M7+$Z$23 -> 6.4495887 | P7: =$Z$24*M7+$Z$25 -> -2.9490775 | Q7: =SUM(D7,I7,N7) -> 1.0047425 | R7: =SUM(E7,J7,O7) -> -0.0011278684 | S7: =SUM(F7,K7,P7) -> -0.0016076071 | T7: 0.99334815 | U7: 0.0057859344 | V7: -0.0046798608 | W7: =SUM((Q7-T7)^2, (R7-U7)^2, (S7-V7)^2)/60 -> 3.1178548e-06 | Y7: b12I | Z7: -2.2995981 | AA7: -2.2995981
A8: 6 | B8: =$Z$2*A8+$Z$3 -> -51.984517 | C8: =1/(1+EXP(-B8)) -> 2.6510089e-23 | D8: =$Z$4*C8+$Z$5 -> -4.7908518 | E8: =$Z$6*C8+$Z$7 -> -2.2995981 | F8: =$Z$6*C8+$Z$7 -> -2.2995981 | G8: =$Z$10*A8+$Z$11 -> 1.1049808 | H8: =TANH(G8) -> 0.802281 | I8: =$Z$12*H8+$Z$13 -> 5.6650613 | J8: =$Z$14*H8+$Z$15 -> -3.8342686 | K8: =$Z$16*H8+$Z$17 -> 5.0474814 | L8: =$Z$18*A8+$Z$19 -> 1.0878263 | M8: =TANH(L8) -> 0.79608339 | N8: =$Z$20*M8+$Z$21 -> 0.11120737 | O8: =$Z$22*M8+$Z$23 -> 6.1393245 | P8: =$Z$24*M8+$Z$25 -> -2.7368166 | Q8: =SUM(D8,I8,N8) -> 0.98541689 | R8: =SUM(E8,J8,O8) -> 0.0054578564 | S8: =SUM(F8,K8,P8) -> 0.011066722 | T8: 0.98283074 | U8: 0.012651331 | V8: 0.0030346095 | W8: =SUM((Q8-T8)^2, (R8-U8)^2, (S8-V8)^2)/60 -> 2.0491516e-06 | Y8: w12R | Z8: -2.6430285 | AA8: -2.6430285
A9: 7 | B9: =$Z$2*A9+$Z$3 -> -59.098707 | C9: =1/(1+EXP(-B9)) -> 2.1565405e-26 | D9: =$Z$4*C9+$Z$5 -> -4.7908518 | E9: =$Z$6*C9+$Z$7 -> -2.2995981 | F9: =$Z$6*C9+$Z$7 -> -2.2995981 | G9: =$Z$10*A9+$Z$11 -> 1.0054989 | H9: =TANH(G9) -> 0.76389391 | I9: =$Z$12*H9+$Z$13 -> 5.5220491 | J9: =$Z$14*H9+$Z$15 -> -3.462651 | K9: =$Z$16*H9+$Z$17 -> 4.8133962 | L9: =$Z$18*A9+$Z$19 -> 0.99332428 | M9: =TANH(L9) -> 0.75877624 | N9: =$Z$20*M9+$Z$21 -> 0.23045875 | O9: =$Z$22*M9+$Z$23 -> 5.7787411 | P9: =$Z$24*M9+$Z$25 -> -2.4901309 | Q9: =SUM(D9,I9,N9) -> 0.96165606 | R9: =SUM(E9,J9,O9) -> 0.016492115 | S9: =SUM(F9,K9,P9) -> 0.023667218 | T9: 0.97539399 | U9: 0.020354 | V9: 0.007466831 | W9: =SUM((Q9-T9)^2, (R9-U9)^2, (S9-V9)^2)/60 -> 7.768287e-06 | Y9: b12R | Z9: 1.1276781 | AA9: 1.1276781
A10: 8 | B10: =$Z$2*A10+$Z$3 -> -66.212897 | C10: =1/(1+EXP(-B10)) -> 1.7543008e-29 | D10: =$Z$4*C10+$Z$5 -> -4.7908518 | E10: =$Z$6*C10+$Z$7 -> -2.2995981 | F10: =$Z$6*C10+$Z$7 -> -2.2995981 | G10: =$Z$10*A10+$Z$11 -> 0.90601711 | H10: =TANH(G10) -> 0.71921509 | I10: =$Z$12*H10+$Z$13 -> 5.3555969 | J10: =$Z$14*H10+$Z$15 -> -3.0301243 | K10: =$Z$16*H10+$Z$17 -> 4.5409439 | L10: =$Z$18*A10+$Z$19 -> 0.89882228 | M10: =TANH(L10) -> 0.71572394 | N10: =$Z$20*M10+$Z$21 -> 0.36807437 | O10: =$Z$22*M10+$Z$23 -> 5.3626294 | P10: =$Z$24*M10+$Z$25 -> -2.2054566 | Q10: =SUM(D10,I10,N10) -> 0.93281944 | R10: =SUM(E10,J10,O10) -> 0.03290696 | S10: =SUM(F10,K10,P10) -> 0.035889223 | T10: 0.96249141 | U10: 0.033533967 | V10: 0.0091761695 | W10: =SUM((Q10-T10)^2, (R10-U10)^2, (S10-V10)^2)/60 -> 2.657343e-05 | X10: 2nd Neuron | Y10: w21 | Z10: -0.099481824 | AA10: -0.099481824
A11: 9 | B11: =$Z$2*A11+$Z$3 -> -73.327088 | C11: =1/(1+EXP(-B11)) -> 1.4270872e-32 | D11: =$Z$4*C11+$Z$5 -> -4.7908518 | E11: =$Z$6*C11+$Z$7 -> -2.2995981 | F11: =$Z$6*C11+$Z$7 -> -2.2995981 | G11: =$Z$10*A11+$Z$11 -> 0.80653528 | H11: =TANH(G11) -> 0.66767451 | I11: =$Z$12*H11+$Z$13 -> 5.1635809 | J11: =$Z$14*H11+$Z$15 -> -2.5311704 | K11: =$Z$16*H11+$Z$17 -> 4.2266485 | L11: =$Z$18*A11+$Z$19 -> 0.80432029 | M11: =TANH(L11) -> 0.66644512 | N11: =$Z$20*M11+$Z$21 -> 0.52559286 | O11: =$Z$22*M11+$Z$23 -> 4.8863368 | P11: =$Z$24*M11+$Z$25 -> -1.8796109 | Q11: =SUM(D11,I11,N11) -> 0.89832199 | R11: =SUM(E11,J11,O11) -> 0.055568344 | S11: =SUM(F11,K11,P11) -> 0.047439523 | T11: 0.94450237 | U11: 0.047496166 | V11: 0.007522534 | W11: =SUM((Q11-T11)^2, (R11-U11)^2, (S11-V11)^2)/60 -> 6.3185886e-05 | Y11: b21 | Z11: 1.7018717 | AA11: 1.7018717
A12: 10 | B12: =$Z$2*A12+$Z$3 -> -80.441278 | C12: =1/(1+EXP(-B12)) -> 1.1609057e-35 | D12: =$Z$4*C12+$Z$5 -> -4.7908518 | E12: =$Z$6*C12+$Z$7 -> -2.2995981 | F12: =$Z$6*C12+$Z$7 -> -2.2995981 | G12: =$Z$10*A12+$Z$11 -> 0.70705346 | H12: =TANH(G12) -> 0.60882581 | I12: =$Z$12*H12+$Z$13 -> 4.9443384 | J12: =$Z$14*H12+$Z$15 -> -1.9614679 | K12: =$Z$16*H12+$Z$17 -> 3.8677879 | L12: =$Z$18*A12+$Z$19 -> 0.70981829 | M12: =TANH(L12) -> 0.61056287 | N12: =$Z$20*M12+$Z$21 -> 0.70421908 | O12: =$Z$22*M12+$Z$23 -> 4.3462202 | P12: =$Z$24*M12+$Z$25 -> -1.5101013 | Q12: =SUM(D12,I12,N12) -> 0.85770563 | R12: =SUM(E12,J12,O12) -> 0.085154266 | S12: =SUM(F12,K12,P12) -> 0.058088575 | T12: 0.91819898 | U12: 0.067597221 | V12: 0.0032927993 | W12: =SUM((Q12-T12)^2, (R12-U12)^2, (S12-V12)^2)/60 -> 0.0001161712 | X12: Output for 2nd | Y12: w22S | Z12: 3.7255293 | AA12: 3.7255293
A13: 11 | B13: =$Z$2*A13+$Z$3 -> -87.555468 | C13: =1/(1+EXP(-B13)) -> 9.443726e-39 | D13: =$Z$4*C13+$Z$5 -> -4.7908518 | E13: =$Z$6*C13+$Z$7 -> -2.2995981 | F13: =$Z$6*C13+$Z$7 -> -2.2995981 | G13: =$Z$10*A13+$Z$11 -> 0.60757163 | H13: =TANH(G13) -> 0.54241545 | I13: =$Z$12*H13+$Z$13 -> 4.6969246 | J13: =$Z$14*H13+$Z$15 -> -1.3185626 | K13: =$Z$16*H13+$Z$17 -> 3.4628163 | L13: =$Z$18*A13+$Z$19 -> 0.61531629 | M13: =TANH(L13) -> 0.54785854 | N13: =$Z$20*M13+$Z$21 -> 0.90465191 | O13: =$Z$22*M13+$Z$23 -> 3.7401665 | P13: =$Z$24*M13+$Z$25 -> -1.0954821 | Q13: =SUM(D13,I13,N13) -> 0.81072473 | R13: =SUM(E13,J13,O13) -> 0.12200582 | S13: =SUM(F13,K13,P13) -> 0.067736102 | T13: 0.89021614 | U13: 0.095969398 | V13: 0.019651499 | W13: =SUM((Q13-T13)^2, (R13-U13)^2, (S13-V13)^2)/60 -> 0.00015514847 | Y13: b22S | Z13: 2.67614 | AA13: 2.67614
A14: 12 | B14: =$Z$2*A14+$Z$3 -> -94.669658 | C14: =1/(1+EXP(-B14)) -> 7.6822744e-42 | D14: =$Z$4*C14+$Z$5 -> -4.7908518 | E14: =$Z$6*C14+$Z$7 -> -2.2995981 | F14: =$Z$6*C14+$Z$7 -> -2.2995981 | G14: =$Z$10*A14+$Z$11 -> 0.50808981 | H14: =TANH(G14) -> 0.46845554 | I14: =$Z$12*H14+$Z$13 -> 4.4213848 | J14: =$Z$14*H14+$Z$15 -> -0.60257154 | K14: =$Z$16*H14+$Z$17 -> 3.0118073 | L14: =$Z$18*A14+$Z$19 -> 0.52081429 | M14: =TANH(L14) -> 0.47832824 | N14: =$Z$20*M14+$Z$21 -> 1.1269038 | O14: =$Z$22*M14+$Z$23 -> 3.0681379 | P14: =$Z$24*M14+$Z$25 -> -0.63572767 | Q14: =SUM(D14,I14,N14) -> 0.75743678 | R14: =SUM(E14,J14,O14) -> 0.16596832 | S14: =SUM(F14,K14,P14) -> 0.076481576 | T14: 0.83105635 | U14: 0.13982037 | V14: 0.024532806 | W14: =SUM((Q14-T14)^2, (R14-U14)^2, (S14-V14)^2)/60 -> 0.00014670385 | Y14: w22I | Z14: -9.6807986 | AA14: -9.6807986
A15: 13 | B15: =$Z$2*A15+$Z$3 -> -101.78385 | C15: =1/(1+EXP(-B15)) -> 6.2493702e-45 | D15: =$Z$4*C15+$Z$5 -> -4.7908518 | E15: =$Z$6*C15+$Z$7 -> -2.2995981 | F15: =$Z$6*C15+$Z$7 -> -2.2995981 | G15: =$Z$10*A15+$Z$11 -> 0.40860799 | H15: =TANH(G15) -> 0.3872901 | I15: =$Z$12*H15+$Z$13 -> 4.1190006 | J15: =$Z$14*H15+$Z$15 -> 0.18317473 | K15: =$Z$16*H15+$Z$17 -> 2.5168589 | L15: =$Z$18*A15+$Z$19 -> 0.42631229 | M15: =TANH(L15) -> 0.40223484 | N15: =$Z$20*M15+$Z$21 -> 1.3701344 | O15: =$Z$22*M15+$Z$23 -> 2.3326753 | P15: =$Z$24*M15+$Z$25 -> -0.13257611 | Q15: =SUM(D15,I15,N15) -> 0.69828322 | R15: =SUM(E15,J15,O15) -> 0.21625198 | S15: =SUM(F15,K15,P15) -> 0.084684737 | T15: 0.77338802 | U15: 0.1957633 | V15: 0.038447975 | W15: =SUM((Q15-T15)^2, (R15-U15)^2, (S15-V15)^2)/60 -> 0.00013663926 | Y15: b22I | Z15: 3.9324522 | AA15: 3.9324522
A16: 14 | B16: =$Z$2*A16+$Z$3 -> -108.89804 | C16: =1/(1+EXP(-B16)) -> 5.0837325e-48 | D16: =$Z$4*C16+$Z$5 -> -4.7908518 | E16: =$Z$6*C16+$Z$7 -> -2.2995981 | F16: =$Z$6*C16+$Z$7 -> -2.2995981 | G16: =$Z$10*A16+$Z$11 -> 0.30912616 | H16: =TANH(G16) -> 0.29964193 | I16: =$Z$12*H16+$Z$13 -> 3.7924647 | J16: =$Z$14*H16+$Z$15 -> 1.031679 | K16: =$Z$16*H16+$Z$17 -> 1.9823787 | L16: =$Z$18*A16+$Z$19 -> 0.3318103 | M16: =TANH(L16) -> 0.32014647 | N16: =$Z$20*M16+$Z$21 -> 1.6325279 | O16: =$Z$22*M16+$Z$23 -> 1.5392698 | P16: =$Z$24*M16+$Z$25 -> 0.41021592 | Q16: =SUM(D16,I16,N16) -> 0.63414081 | R16: =SUM(E16,J16,O16) -> 0.27135074 | S16: =SUM(F16,K16,P16) -> 0.09299653 | T16: 0.68790871 | U16: 0.25894601 | V16: 0.063388111 | W16: =SUM((Q16-T16)^2, (R16-U16)^2, (S16-V16)^2)/60 -> 6.5358716e-05 | Y16: w22R | Z16: 6.0980192 | AA16: 6.0980192
A17: 15 | B17: =$Z$2*A17+$Z$3 -> -116.01223 | C17: =1/(1+EXP(-B17)) -> 4.1355105e-51 | D17: =$Z$4*C17+$Z$5 -> -4.7908518 | E17: =$Z$6*C17+$Z$7 -> -2.2995981 | F17: =$Z$6*C17+$Z$7 -> -2.2995981 | G17: =$Z$10*A17+$Z$11 -> 0.20964434 | H17: =TANH(G17) -> 0.20662605 | I17: =$Z$12*H17+$Z$13 -> 3.4459314 | J17: =$Z$14*H17+$Z$15 -> 1.932147 | K17: =$Z$16*H17+$Z$17 -> 1.4151661 | L17: =$Z$18*A17+$Z$19 -> 0.2373083 | M17: =TANH(L17) -> 0.23295172 | N17: =$Z$20*M17+$Z$21 -> 1.9112437 | O17: =$Z$22*M17+$Z$23 -> 0.69650971 | P17: =$Z$24*M17+$Z$25 -> 0.98677282 | Q17: =SUM(D17,I17,N17) -> 0.56632328 | R17: =SUM(E17,J17,O17) -> 0.32905866 | S17: =SUM(F17,K17,P17) -> 0.10234082 | T17: 0.59497832 | U17: 0.33076846 | V17: 0.073720662 | W17: =SUM((Q17-T17)^2, (R17-U17)^2, (S17-V17)^2)/60 -> 2.7385805e-05 | Y17: b22R | Z17: 0.15515646 | AA17: 0.15515646
A18: 16 | B18: =$Z$2*A18+$Z$3 -> -123.12642 | C18: =1/(1+EXP(-B18)) -> 3.3641517e-54 | D18: =$Z$4*C18+$Z$5 -> -4.7908518 | E18: =$Z$6*C18+$Z$7 -> -2.2995981 | F18: =$Z$6*C18+$Z$7 -> -2.2995981 | G18: =$Z$10*A18+$Z$11 -> 0.11016251 | H18: =TANH(G18) -> 0.10971903 | I18: =$Z$12*H18+$Z$13 -> 3.0849014 | J18: =$Z$14*H18+$Z$15 -> 2.8702843 | K18: =$Z$16*H18+$Z$17 -> 0.82422522 | L18: =$Z$18*A18+$Z$19 -> 0.1428063 | M18: =TANH(L18) -> 0.14184337 | N18: =$Z$20*M18+$Z$21 -> 2.2024693 | O18: =$Z$22*M18+$Z$23 -> -0.18407625 | P18: =$Z$24*M18+$Z$25 -> 1.5892075 | Q18: =SUM(D18,I18,N18) -> 0.49651889 | R18: =SUM(E18,J18,O18) -> 0.38661002 | S18: =SUM(F18,K18,P18) -> 0.11383468 | T18: 0.48898601 | U18: 0.4078998 | V18: 0.099755418 | W18: =SUM((Q18-T18)^2, (R18-U18)^2, (S18-V18)^2)/60 -> 1.1803744e-05 | X18: 3rd Neuron | Y18: w31 | Z18: -0.094501998 | AA18: -0.094501998
A19: 17 | B19: =$Z$2*A19+$Z$3 -> -130.24061 | C19: =1/(1+EXP(-B19)) -> 2.7366673e-57 | D19: =$Z$4*C19+$Z$5 -> -4.7908518 | E19: =$Z$6*C19+$Z$7 -> -2.2995981 | F19: =$Z$6*C19+$Z$7 -> -2.2995981 | G19: =$Z$10*A19+$Z$11 -> 0.01068069 | H19: =TANH(G19) -> 0.010680284 | I19: =$Z$12*H19+$Z$13 -> 2.7159297 | J19: =$Z$14*H19+$Z$15 -> 3.8290585 | K19: =$Z$16*H19+$Z$17 -> 0.22028504 | L19: =$Z$18*A19+$Z$19 -> 0.048304301 | M19: =TANH(L19) -> 0.048266766 | N19: =$Z$20*M19+$Z$21 -> 2.5015846 | O19: =$Z$22*M19+$Z$23 -> -1.0885186 | P19: =$Z$24*M19+$Z$25 -> 2.2079631 | Q19: =SUM(D19,I19,N19) -> 0.42666243 | R19: =SUM(E19,J19,O19) -> 0.44094183 | S19: =SUM(F19,K19,P19) -> 0.12865007 | T19: 0.39651124 | U19: 0.47372643 | V19: 0.13353312 | W19: =SUM((Q19-T19)^2, (R19-U19)^2, (S19-V19)^2)/60 -> 3.3462811e-05 | Y19: b31 | Z19: 1.6548383 | AA19: 1.6548383
A20: 18 | B20: =$Z$2*A20+$Z$3 -> -137.3548 | C20: =1/(1+EXP(-B20)) -> 2.2262219e-60 | D20: =$Z$4*C20+$Z$5 -> -4.7908518 | E20: =$Z$6*C20+$Z$7 -> -2.2995981 | F20: =$Z$6*C20+$Z$7 -> -2.2995981 | G20: =$Z$10*A20+$Z$11 -> -0.088801134 | H20: =TANH(G20) -> -0.08856845 | I20: =$Z$12*H20+$Z$13 -> 2.3461756 | J20: =$Z$14*H20+$Z$15 -> 4.7898655 | K20: =$Z$16*H20+$Z$17 -> -0.38493565 | L20: =$Z$18*A20+$Z$19 -> -0.046197697 | M20: =TANH(L20) -> -0.04616486 | N20: =$Z$20*M20+$Z$21 -> 2.8034329 | O20: =$Z$22*M20+$Z$23 -> -2.001225 | P20: =$Z$24*M20+$Z$25 -> 2.8323723 | Q20: =SUM(D20,I20,N20) -> 0.3587567 | R20: =SUM(E20,J20,O20) -> 0.48904249 | S20: =SUM(F20,K20,P20) -> 0.14783859 | T20: 0.31251276 | U20: 0.52750319 | V20: 0.17173201 | W20: =SUM((Q20-T20)^2, (R20-U20)^2, (S20-V20)^2)/60 -> 6.981039e-05 | X20: Output for 3rd | Y20: w32S | Z20: -3.196475 | AA20: -3.196475
A21: 19 | B21: =$Z$2*A21+$Z$3 -> -144.46899 | C21: =1/(1+EXP(-B21)) -> 1.8109851e-63 | D21: =$Z$4*C21+$Z$5 -> -4.7908518 | E21: =$Z$6*C21+$Z$7 -> -2.2995981 | F21: =$Z$6*C21+$Z$7 -> -2.2995981 | G21: =$Z$10*A21+$Z$11 -> -0.18828296 | H21: =TANH(G21) -> -0.18608915 | I21: =$Z$12*H21+$Z$13 -> 1.9828594 | J21: =$Z$14*H21+$Z$15 -> 5.7339438 | K21: =$Z$16*H21+$Z$17 -> -0.97961878 | L21: =$Z$18*A21+$Z$19 -> -0.1406997 | M21: =TANH(L21) -> -0.13977854 | N21: =$Z$20*M21+$Z$21 -> 3.1026667 | O21: =$Z$22*M21+$Z$23 -> -2.9060256 | P21: =$Z$24*M21+$Z$25 -> 3.451373 | Q21: =SUM(D21,I21,N21) -> 0.29467425 | R21: =SUM(E21,J21,O21) -> 0.52832012 | S21: =SUM(F21,K21,P21) -> 0.17215617 | T21: 0.23552071 | U21: 0.55793615 | V21: 0.20873749 | W21: =SUM((Q21-T21)^2, (R21-U21)^2, (S21-V21)^2)/60 -> 9.5240721e-05 | Y21: b32S | Z21: 2.6558681 | AA21: 2.6558681
A22: 20 | B22: =$Z$2*A22+$Z$3 -> -151.58318 | C22: =1/(1+EXP(-B22)) -> 1.4731987e-66 | D22: =$Z$4*C22+$Z$5 -> -4.7908518 | E22: =$Z$6*C22+$Z$7 -> -2.2995981 | F22: =$Z$6*C22+$Z$7 -> -2.2995981 | G22: =$Z$10*A22+$Z$11 -> -0.28776478 | H22: =TANH(G22) -> -0.28007622 | I22: =$Z$12*H22+$Z$13 -> 1.6327078 | J22: =$Z$14*H22+$Z$15 -> 6.6438137 | K22: =$Z$16*H22+$Z$17 -> -1.5527537 | L22: =$Z$18*A22+$Z$19 -> -0.23520169 | M22: =TANH(L22) -> -0.23095846 | N22: =$Z$20*M22+$Z$21 -> 3.394121 | O22: =$Z$22*M22+$Z$23 -> -3.7873034 | P22: =$Z$24*M22+$Z$25 -> 4.054281 | Q22: =SUM(D22,I22,N22) -> 0.235977 | R22: =SUM(E22,J22,O22) -> 0.55691228 | S22: =SUM(F22,K22,P22) -> 0.20192919 | T22: 0.18802497 | U22: 0.57727762 | V22: 0.24586794 | W22: =SUM((Q22-T22)^2, (R22-U22)^2, (S22-V22)^2)/60 -> 7.741263e-05 | Y22: w32I | Z22: 9.6652613 | AA22: 9.6652613
A23: 21 | B23: =$Z$2*A23+$Z$3 -> -158.69737 | C23: =1/(1+EXP(-B23)) -> 1.1984164e-69 | D23: =$Z$4*C23+$Z$5 -> -4.7908518 | E23: =$Z$6*C23+$Z$7 -> -2.2995981 | F23: =$Z$6*C23+$Z$7 -> -2.2995981 | G23: =$Z$10*A23+$Z$11 -> -0.38724661 | H23: =TANH(G23) -> -0.36898413 | I23: =$Z$12*H23+$Z$13 -> 1.3014788 | J23: =$Z$14*H23+$Z$15 -> 7.5045132 | K23: =$Z$16*H23+$Z$17 -> -2.0949158 | L23: =$Z$18*A23+$Z$19 -> -0.32970369 | M23: =TANH(L23) -> -0.31825451 | N23: =$Z$20*M23+$Z$21 -> 3.6731607 | O23: =$Z$22*M23+$Z$23 -> -4.6310425 | P23: =$Z$24*M23+$Z$25 -> 4.6315077 | Q23: =SUM(D23,I23,N23) -> 0.18378764 | R23: =SUM(E23,J23,O23) -> 0.57387266 | S23: =SUM(F23,K23,P23) -> 0.23699379 | T23: 0.1379074 | U23: 0.57947853 | V23: 0.28965693 | W23: =SUM((Q23-T23)^2, (R23-U23)^2, (S23-V23)^2)/60 -> 8.1830475e-05 | Y23: b32I | Z23: -1.5550295 | AA23: -1.5550295
A24: 22 | B24: =$Z$2*A24+$Z$3 -> -165.81156 | C24: =1/(1+EXP(-B24)) -> 9.748868e-73 | D24: =$Z$4*C24+$Z$5 -> -4.7908518 | E24: =$Z$6*C24+$Z$7 -> -2.2995981 | F24: =$Z$6*C24+$Z$7 -> -2.2995981 | G24: =$Z$10*A24+$Z$11 -> -0.48672843 | H24: =TANH(G24) -> -0.45161597 | I24: =$Z$12*H24+$Z$13 -> 0.99363143 | J24: =$Z$14*H24+$Z$15 -> 8.3044555 | K24: =$Z$16*H24+$Z$17 -> -2.5988064 | L24: =$Z$18*A24+$Z$19 -> -0.42420569 | M24: =TANH(L24) -> -0.40046757 | N24: =$Z$20*M24+$Z$21 -> 3.9359527 | O24: =$Z$22*M24+$Z$23 -> -5.4256533 | P24: =$Z$24*M24+$Z$25 -> 5.1751243 | Q24: =SUM(D24,I24,N24) -> 0.13873229 | R24: =SUM(E24,J24,O24) -> 0.57920414 | S24: =SUM(F24,K24,P24) -> 0.27671978 | T24: 0.099076318 | U24: 0.57261055 | V24: 0.33141839 | W24: =SUM((Q24-T24)^2, (R24-U24)^2, (S24-V24)^2)/60 -> 7.6800165e-05 | Y24: w32R | Z24: -6.612289 | AA24: -6.612289
A25: 23 | B25: =$Z$2*A25+$Z$3 -> -172.92575 | C25: =1/(1+EXP(-B25)) -> 7.9305011e-76 | D25: =$Z$4*C25+$Z$5 -> -4.7908518 | E25: =$Z$6*C25+$Z$7 -> -2.2995981 | F25: =$Z$6*C25+$Z$7 -> -2.2995981 | G25: =$Z$10*A25+$Z$11 -> -0.58621025 | H25: =TANH(G25) -> -0.52716451 | I25: =$Z$12*H25+$Z$13 -> 0.71217314 | J25: =$Z$14*H25+$Z$15 -> 9.0358257 | K25: =$Z$16*H25+$Z$17 -> -3.0595028 | L25: =$Z$18*A25+$Z$19 -> -0.51870769 | M25: =TANH(L25) -> -0.47670199 | N25: =$Z$20*M25+$Z$21 -> 4.1796341 | O25: =$Z$22*M25+$Z$23 -> -6.1624788 | P25: =$Z$24*M25+$Z$25 -> 5.6792082 | Q25: =SUM(D25,I25,N25) -> 0.1009554 | R25: =SUM(E25,J25,O25) -> 0.5737488 | S25: =SUM(F25,K25,P25) -> 0.32010732 | T25: 0.076771549 | U25: 0.55462506 | V25: 0.37486334 | W25: =SUM((Q25-T25)^2, (R25-U25)^2, (S25-V25)^2)/60 -> 6.5813302e-05 | Y25: b32R | Z25: 2.5271169 | AA25: 2.5271169
A26: 24 | B26: =$Z$2*A26+$Z$3 -> -180.03994 | C26: =1/(1+EXP(-B26)) -> 6.4512975e-79 | D26: =$Z$4*C26+$Z$5 -> -4.7908518 | E26: =$Z$6*C26+$Z$7 -> -2.2995981 | F26: =$Z$6*C26+$Z$7 -> -2.2995981 | G26: =$Z$10*A26+$Z$11 -> -0.68569208 | H26: =TANH(G26) -> -0.59520739 | I26: =$Z$12*H26+$Z$13 -> 0.45867742 | J26: =$Z$14*H26+$Z$15 -> 9.694535 | K26: =$Z$16*H26+$Z$17 -> -3.4744296 | L26: =$Z$18*A26+$Z$19 -> -0.61320969 | M26: =TANH(L26) -> -0.54638253 | N26: =$Z$20*M26+$Z$21 -> 4.4023662 | O26: =$Z$22*M26+$Z$23 -> -6.8359595 | P26: =$Z$24*M26+$Z$25 -> 6.1399561 | Q26: =SUM(D26,I26,N26) -> 0.070191806 | R26: =SUM(E26,J26,O26) -> 0.55897748 | S26: =SUM(F26,K26,P26) -> 0.36592847 | T26: 0.055033185 | U26: 0.53385373 | V26: 0.41205954 | W26: =SUM((Q26-T26)^2, (R26-U26)^2, (S26-V26)^2)/60 -> 4.9817708e-05 | AA26: 0.066692555
A27: 25 | B27: =$Z$2*A27+$Z$3 -> -187.15413 | C27: =1/(1+EXP(-B27)) -> 5.2479961e-82 | D27: =$Z$4*C27+$Z$5 -> -4.7908518 | E27: =$Z$6*C27+$Z$7 -> -2.2995981 | F27: =$Z$6*C27+$Z$7 -> -2.2995981 | G27: =$Z$10*A27+$Z$11 -> -0.7851739 | H27: =TANH(G27) -> -0.65566637 | I27: =$Z$12*H27+$Z$13 -> 0.2334357 | J27: =$Z$14*H27+$Z$15 -> 10.279826 | K27: =$Z$16*H27+$Z$17 -> -3.8431097 | L27: =$Z$18*A27+$Z$19 -> -0.70771168 | M27: =TANH(L27) -> -0.60923988 | N27: =$Z$20*M27+$Z$21 -> 4.6032882 | O27: =$Z$22*M27+$Z$23 -> -7.4434922 | P27: =$Z$24*M27+$Z$25 -> 6.5555871 | Q27: =SUM(D27,I27,N27) -> 0.045872045 | R27: =SUM(E27,J27,O27) -> 0.536736 | S27: =SUM(F27,K27,P27) -> 0.4128794 | T27: 0.041882891 | U27: 0.51004857 | V27: 0.44388223 | W27: =SUM((Q27-T27)^2, (R27-U27)^2, (S27-V27)^2)/60 -> 2.8155135e-05 | AA27: 0.43871612
A28: 26 | B28: =$Z$2*A28+$Z$3 -> -194.26832 | C28: =1/(1+EXP(-B28)) -> 4.2691355e-85 | D28: =$Z$4*C28+$Z$5 -> -4.7908518 | E28: =$Z$6*C28+$Z$7 -> -2.2995981 | F28: =$Z$6*C28+$Z$7 -> -2.2995981 | G28: =$Z$10*A28+$Z$11 -> -0.88465573 | H28: =TANH(G28) -> -0.70874404 | I28: =$Z$12*H28+$Z$13 -> 0.035693265 | J28: =$Z$14*H28+$Z$15 -> 10.793661 | K28: =$Z$16*H28+$Z$17 -> -4.1667783 | L28: =$Z$18*A28+$Z$19 -> -0.80221368 | M28: =TANH(L28) -> -0.66527252 | N28: =$Z$20*M28+$Z$21 -> 4.7823951 | O28: =$Z$22*M28+$Z$23 -> -7.9850623 | P28: =$Z$24*M28+$Z$25 -> 6.9260911 | Q28: =SUM(D28,I28,N28) -> 0.027236539 | R28: =SUM(E28,J28,O28) -> 0.5090002 | S28: =SUM(F28,K28,P28) -> 0.45971472 | T28: 0.026899077 | U28: 0.48054749 | V28: 0.48772295 | W28: =SUM((Q28-T28)^2, (R28-U28)^2, (S28-V28)^2)/60 -> 2.6568872e-05
A29: 27 | B29: =$Z$2*A29+$Z$3 -> -201.38251 | C29: =1/(1+EXP(-B29)) -> 3.4728528e-88 | D29: =$Z$4*C29+$Z$5 -> -4.7908518 | E29: =$Z$6*C29+$Z$7 -> -2.2995981 | F29: =$Z$6*C29+$Z$7 -> -2.2995981 | G29: =$Z$10*A29+$Z$11 -> -0.98413755 | H29: =TANH(G29) -> -0.75485144 | I29: =$Z$12*H29+$Z$13 -> -0.1360812 | J29: =$Z$14*H29+$Z$15 -> 11.240017 | K29: =$Z$16*H29+$Z$17 -> -4.4479421 | L29: =$Z$18*A29+$Z$19 -> -0.89671568 | M29: =TANH(L29) -> -0.71469491 | N29: =$Z$20*M29+$Z$21 -> 4.9403725 | O29: =$Z$22*M29+$Z$23 -> -8.4627426 | P29: =$Z$24*M29+$Z$25 -> 7.2528862 | Q29: =SUM(D29,I29,N29) -> 0.013439516 | R29: =SUM(E29,J29,O29) -> 0.47767632 | S29: =SUM(F29,K29,P29) -> 0.50534605 | T29: 0.028643067 | U29: 0.45621581 | V29: 0.51359202 | W29: =SUM((Q29-T29)^2, (R29-U29)^2, (S29-V29)^2)/60 -> 1.266162e-05
A30: 28 | B30: =$Z$2*A30+$Z$3 -> -208.4967 | C30: =1/(1+EXP(-B30)) -> 2.8250934e-91 | D30: =$Z$4*C30+$Z$5 -> -4.7908518 | E30: =$Z$6*C30+$Z$7 -> -2.2995981 | F30: =$Z$6*C30+$Z$7 -> -2.2995981 | G30: =$Z$10*A30+$Z$11 -> -1.0836194 | H30: =TANH(G30) -> -0.79453744 | I30: =$Z$12*H30+$Z$13 -> -0.28393254 | J30: =$Z$14*H30+$Z$15 -> 11.624209 | K30: =$Z$16*H30+$Z$17 -> -4.6899481 | L30: =$Z$18*A30+$Z$19 -> -0.99121768 | M30: =TANH(L30) -> -0.75788107 | N30: =$Z$20*M30+$Z$21 -> 5.078416 | O30: =$Z$22*M30+$Z$23 -> -8.8801481 | P30: =$Z$24*M30+$Z$25 -> 7.5384456 | Q30: =SUM(D30,I30,N30) -> 0.0036316305 | R30: =SUM(E30,J30,O30) -> 0.44446301 | S30: =SUM(F30,K30,P30) -> 0.54889941 | T30: 0.018585383 | U30: 0.43462183 | V30: 0.54771314 | W30: =SUM((Q30-T30)^2, (R30-U30)^2, (S30-V30)^2)/60 -> 5.3645125e-06
A31: 29 | B31: =$Z$2*A31+$Z$3 -> -215.61089 | C31: =1/(1+EXP(-B31)) -> 2.2981547e-94 | D31: =$Z$4*C31+$Z$5 -> -4.7908518 | E31: =$Z$6*C31+$Z$7 -> -2.2995981 | F31: =$Z$6*C31+$Z$7 -> -2.2995981 | G31: =$Z$10*A31+$Z$11 -> -1.1831012 | H31: =TANH(G31) -> -0.82842699 | I31: =$Z$12*H31+$Z$13 -> -0.41018904 | J31: =$Z$14*H31+$Z$15 -> 11.952287 | K31: =$Z$16*H31+$Z$17 -> -4.8966072 | L31: =$Z$18*A31+$Z$19 -> -1.0857197 | M31: =TANH(L31) -> -0.79531055 | N31: =$Z$20*M31+$Z$21 -> 5.1980584 | O31: =$Z$22*M31+$Z$23 -> -9.2419138 | P31: =$Z$24*M31+$Z$25 -> 7.7859402 | Q31: =SUM(D31,I31,N31) -> -0.0029824511 | R31: =SUM(E31,J31,O31) -> 0.41077512 | S31: =SUM(F31,K31,P31) -> 0.58973488 | T31: 0.016441051 | U31: 0.40770547 | V31: 0.57331042 | W31: =SUM((Q31-T31)^2, (R31-U31)^2, (S31-V31)^2)/60 -> 1.0940969e-05
A32: 30 | B32: =$Z$2*A32+$Z$3 -> -222.72508 | C32: =1/(1+EXP(-B32)) -> 1.869501e-97 | D32: =$Z$4*C32+$Z$5 -> -4.7908518 | E32: =$Z$6*C32+$Z$7 -> -2.2995981 | F32: =$Z$6*C32+$Z$7 -> -2.2995981 | G32: =$Z$10*A32+$Z$11 -> -1.282583 | H32: =TANH(G32) -> -0.8571716 | I32: =$Z$12*H32+$Z$13 -> -0.51727794 | J32: =$Z$14*H32+$Z$15 -> 12.230558 | K32: =$Z$16*H32+$Z$17 -> -5.0718924 | L32: =$Z$18*A32+$Z$19 -> -1.1802217 | M32: =TANH(L32) -> -0.8275215 | N32: =$Z$20*M32+$Z$21 -> 5.3010199 | O32: =$Z$22*M32+$Z$23 -> -9.553241 | P32: =$Z$24*M32+$Z$25 -> 7.9989282 | Q32: =SUM(D32,I32,N32) -> -0.0071098625 | R32: =SUM(E32,J32,O32) -> 0.37771872 | S32: =SUM(F32,K32,P32) -> 0.62743776 | T32: 0.016927266 | U32: 0.38076373 | V32: 0.60213874 | W32: =SUM((Q32-T32)^2, (R32-U32)^2, (S32-V32)^2)/60 -> 2.04516e-05
A33: 31 | B33: =$Z$2*A33+$Z$3 -> -229.83927 | C33: =1/(1+EXP(-B33)) -> 1.5208001e-100 | D33: =$Z$4*C33+$Z$5 -> -4.7908518 | E33: =$Z$6*C33+$Z$7 -> -2.2995981 | F33: =$Z$6*C33+$Z$7 -> -2.2995981 | G33: =$Z$10*A33+$Z$11 -> -1.3820648 | H33: =TANH(G33) -> -0.8814128 | I33: =$Z$12*H33+$Z$13 -> -0.60758924 | J33: =$Z$14*H33+$Z$15 -> 12.465232 | K33: =$Z$16*H33+$Z$17 -> -5.2197157 | L33: =$Z$18*A33+$Z$19 -> -1.2747237 | M33: =TANH(L33) -> -0.85507276 | N33: =$Z$20*M33+$Z$21 -> 5.3890868 | O33: =$Z$22*M33+$Z$23 -> -9.8195312 | P33: =$Z$24*M33+$Z$25 -> 8.1811051 | Q33: =SUM(D33,I33,N33) -> -0.0093542517 | R33: =SUM(E33,J33,O33) -> 0.34610278 | S33: =SUM(F33,K33,P33) -> 0.66179135 | T33: 0.0055360201 | U33: 0.35516466 | V33: 0.62492175 | W33: =SUM((Q33-T33)^2, (R33-U33)^2, (S33-V33)^2)/60 -> 2.7720081e-05
A34: 32 | B34: =$Z$2*A34+$Z$3 -> -236.95346 | C34: =1/(1+EXP(-B34)) -> 1.2371392e-103 | D34: =$Z$4*C34+$Z$5 -> -4.7908518 | E34: =$Z$6*C34+$Z$7 -> -2.2995981 | F34: =$Z$6*C34+$Z$7 -> -2.2995981 | G34: =$Z$10*A34+$Z$11 -> -1.4815467 | H34: =TANH(G34) -> -0.90175736 | I34: =$Z$12*H34+$Z$13 -> -0.6833835 | J34: =$Z$14*H34+$Z$15 -> 12.662184 | K34: =$Z$16*H34+$Z$17 -> -5.3437772 | L34: =$Z$18*A34+$Z$19 -> -1.3692257 | M34: =TANH(L34) -> -0.8785156 | N34: =$Z$20*M34+$Z$21 -> 5.4640213 | O34: =$Z$22*M34+$Z$23 -> -10.046112 | P34: =$Z$24*M34+$Z$25 -> 8.336116 | Q34: =SUM(D34,I34,N34) -> -0.010214041 | R34: =SUM(E34,J34,O34) -> 0.31647315 | S34: =SUM(F34,K34,P34) -> 0.6927407 | T34: 0.0055516744 | U34: 0.33275256 | V34: 0.65513191 | W34: =SUM((Q34-T34)^2, (R34-U34)^2, (S34-V34)^2)/60 -> 3.2133292e-05
A35: 33 | B35: =$Z$2*A35+$Z$3 -> -244.06765 | C35: =1/(1+EXP(-B35)) -> 1.006387e-106 | D35: =$Z$4*C35+$Z$5 -> -4.7908518 | E35: =$Z$6*C35+$Z$7 -> -2.2995981 | F35: =$Z$6*C35+$Z$7 -> -2.2995981 | G35: =$Z$10*A35+$Z$11 -> -1.5810285 | H35: =TANH(G35) -> -0.91876236 | I35: =$Z$12*H35+$Z$13 -> -0.74673613 | J35: =$Z$14*H35+$Z$15 -> 12.826806 | K35: =$Z$16*H35+$Z$17 -> -5.4474741 | L35: =$Z$18*A35+$Z$19 -> -1.4637277 | M35: =TANH(L35) -> -0.89837417 | N35: =$Z$20*M35+$Z$21 -> 5.5274987 | O35: =$Z$22*M35+$Z$23 -> -10.238051 | P35: =$Z$24*M35+$Z$25 -> 8.4674266 | Q35: =SUM(D35,I35,N35) -> -0.010089264 | R35: =SUM(E35,J35,O35) -> 0.28915693 | S35: =SUM(F35,K35,P35) -> 0.72035444 | T35: 0.012931474 | U35: 0.31162242 | V35: 0.68166378 | W35: =SUM((Q35-T35)^2, (R35-U35)^2, (S35-V35)^2)/60 -> 4.2193664e-05
A36: 34 | B36: =$Z$2*A36+$Z$3 -> -251.18184 | C36: =1/(1+EXP(-B36)) -> 8.1867484e-110 | D36: =$Z$4*C36+$Z$5 -> -4.7908518 | E36: =$Z$6*C36+$Z$7 -> -2.2995981 | F36: =$Z$6*C36+$Z$7 -> -2.2995981 | G36: =$Z$10*A36+$Z$11 -> -1.6805103 | H36: =TANH(G36) -> -0.93292775 | I36: =$Z$12*H36+$Z$13 -> -0.79950968 | J36: =$Z$14*H36+$Z$15 -> 12.963938 | K36: =$Z$16*H36+$Z$17 -> -5.5338548 | L36: =$Z$18*A36+$Z$19 -> -1.5582297 | M36: =TANH(L36) -> -0.91513319 | N36: =$Z$20*M36+$Z$21 -> 5.5810685 | O36: =$Z$22*M36+$Z$23 -> -10.400031 | P36: =$Z$24*M36+$Z$25 -> 8.5782421 | Q36: =SUM(D36,I36,N36) -> -0.0092930279 | R36: =SUM(E36,J36,O36) -> 0.26430885 | S36: =SUM(F36,K36,P36) -> 0.74478914 | T36: 0.0086066662 | U36: 0.29035003 | V36: 0.69814063 | W36: =SUM((Q36-T36)^2, (R36-U36)^2, (S36-V36)^2)/60 -> 5.2910432e-05
A37: 35 | B37: =$Z$2*A37+$Z$3 -> -258.29603 | C37: =1/(1+EXP(-B37)) -> 6.6597493e-113 | D37: =$Z$4*C37+$Z$5 -> -4.7908518 | E37: =$Z$6*C37+$Z$7 -> -2.2995981 | F37: =$Z$6*C37+$Z$7 -> -2.2995981 | G37: =$Z$10*A37+$Z$11 -> -1.7799921 | H37: =TANH(G37) -> -0.94469431 | I37: =$Z$12*H37+$Z$13 -> -0.84334636 | J37: =$Z$14*H37+$Z$15 -> 13.077848 | K37: =$Z$16*H37+$Z$17 -> -5.6056076 | L37: =$Z$18*A37+$Z$19 -> -1.6527317 | M37: =TANH(L37) -> -0.92923152 | N37: =$Z$20*M37+$Z$21 -> 5.6261334 | O37: =$Z$22*M37+$Z$23 -> -10.536295 | P37: =$Z$24*M37+$Z$25 -> 8.6714643 | Q37: =SUM(D37,I37,N37) -> -0.0080647402 | R37: =SUM(E37,J37,O37) -> 0.24195452 | S37: =SUM(F37,K37,P37) -> 0.76625866 | T37: 0.007357598 | U37: 0.27250954 | V37: 0.71941412 | W37: =SUM((Q37-T37)^2, (R37-U37)^2, (S37-V37)^2)/60 -> 5.6097818e-05
A38: 36 | B38: =$Z$2*A38+$Z$3 -> -265.41022 | C38: =1/(1+EXP(-B38)) -> 5.4175674e-116 | D38: =$Z$4*C38+$Z$5 -> -4.7908518 | E38: =$Z$6*C38+$Z$7 -> -2.2995981 | F38: =$Z$6*C38+$Z$7 -> -2.2995981 | G38: =$Z$10*A38+$Z$11 -> -1.879474 | H38: =TANH(G38) -> -0.9544453 | I38: =$Z$12*H38+$Z$13 -> -0.87967397 | J38: =$Z$14*H38+$Z$15 -> 13.172245 | K38: =$Z$16*H38+$Z$17 -> -5.6650693 | L38: =$Z$18*A38+$Z$19 -> -1.7472337 | M38: =TANH(L38) -> -0.94105987 | N38: =$Z$20*M38+$Z$21 -> 5.6639425 | O38: =$Z$22*M38+$Z$23 -> -10.650619 | P38: =$Z$24*M38+$Z$25 -> 8.7496768 | Q38: =SUM(D38,I38,N38) -> -0.0065833056 | R38: =SUM(E38,J38,O38) -> 0.22202777 | S38: =SUM(F38,K38,P38) -> 0.78500942 | T38: 0.0028505375 | U38: 0.25622929 | V38: 0.73983759 | W38: =SUM((Q38-T38)^2, (R38-U38)^2, (S38-V38)^2)/60 -> 5.498727e-05
A39: 37 | B39: =$Z$2*A39+$Z$3 -> -272.52441 | C39: =1/(1+EXP(-B39)) -> 4.4070782e-119 | D39: =$Z$4*C39+$Z$5 -> -4.7908518 | E39: =$Z$6*C39+$Z$7 -> -2.2995981 | F39: =$Z$6*C39+$Z$7 -> -2.2995981 | G39: =$Z$10*A39+$Z$11 -> -1.9789558 | H39: =TANH(G39) -> -0.96251023 | I39: =$Z$12*H39+$Z$13 -> -0.9097201 | J39: =$Z$14*H39+$Z$15 -> 13.25032 | K39: =$Z$16*H39+$Z$17 -> -5.7142494 | L39: =$Z$18*A39+$Z$19 -> -1.8417357 | M39: =TANH(L39) -> -0.95096147 | N39: =$Z$20*M39+$Z$21 -> 5.6955927 | O39: =$Z$22*M39+$Z$23 -> -10.746321 | P39: =$Z$24*M39+$Z$25 -> 8.815149 | Q39: =SUM(D39,I39,N39) -> -0.0049792253 | R39: =SUM(E39,J39,O39) -> 0.20440119 | S39: =SUM(F39,K39,P39) -> 0.80130155 | T39: -0.00021838522 | U39: 0.23591032 | V39: 0.75684413 | W39: =SUM((Q39-T39)^2, (R39-U39)^2, (S39-V39)^2)/60 -> 4.9865874e-05
... A61: 59 | B61: =$Z$2*A61+$Z$3 -> -429.0366 | C61: =1/(1+EXP(-B61)) -> 4.696479e-187 | D61: =$Z$4*C61+$Z$5 -> -4.7908518 | E61: =$Z$6*C61+$Z$7 -> -2.2995981 | F61: =$Z$6*C61+$Z$7 -> -2.2995981 | G61: =$Z$10*A61+$Z$11 -> -4.1675559 | H61: =TANH(G61) -> -0.99952023 | I61: =$Z$12*H61+$Z$13 -> -1.0476019 | J61: =$Z$14*H61+$Z$15 -> 13.608606 | K61: =$Z$16*H61+$Z$17 -> -5.9399371 | L61: =$Z$18*A61+$Z$19 -> -3.9207796 | M61: =TANH(L61) -> -0.9992142 | N61: =$Z$20*M61+$Z$21 -> 5.8498313 | O61: =$Z$22*M61+$Z$23 -> -11.212696 | P61: =$Z$24*M61+$Z$25 -> 9.13421 | Q61: =SUM(D61,I61,N61) -> 0.011377566 | R61: =SUM(E61,J61,O61) -> 0.096312355 | S61: =SUM(F61,K61,P61) -> 0.89467483 | T61: -0.00010788248 | U61: 0.053596926 | V61: 0.94100736 | W61: =SUM((Q61-T61)^2, (R61-U61)^2, (S61-V61)^2)/60 -> 6.838712e-05

Sheet SIR Data (60 Days)
A1: Day | B1: S | C1: I | D1: R | E1: S | F1: I | G1: R | I1: N | J1: 1000
A2: 0 | B2: 999.16903 | C2: -0.51644142 | D2: 1.2964653 | E2: =B2/1000 -> 0.99916903 | F2: =C2/1000 -> -0.00051644142 | G2: =D2/1000 -> 0.0012964653
A3: 1 | B3: 989.60194 | C3: 2.1639113 | D3: 2.694591 | E3: =B3/1000 -> 0.98960194 | F3: =C3/1000 -> 0.0021639113 | G3: =D3/1000 -> 0.002694591
A4: 2 | B4: 1002.7007 | C4: 3.3100596 | D4: -4.7185297 | E4: =B4/1000 -> 1.0027007 | F4: =C4/1000 -> 0.0033100596 | G4: =D4/1000 -> -0.0047185297
A5: 3 | B5: 991.10329 | C5: 1.5165638 | D5: 2.4789689 | E5: =B5/1000 -> 0.99110329 | F5: =C5/1000 -> 0.0015165638 | G5: =D5/1000 -> 0.0024789689
A6: 4 | B6: 998.55053 | C6: 2.0051112 | D6: 3.8636349 | E6: =B6/1000 -> 0.99855053 | F6: =C6/1000 -> 0.0020051112 | G6: =D6/1000 -> 0.0038636349
A7: 5 | B7: 993.34815 | C7: 5.7859344 | D7: -4.6798608 | E7: =B7/1000 -> 0.99334815 | F7: =C7/1000 -> 0.0057859344 | G7: =D7/1000 -> -0.0046798608
A8: 6 | B8: 982.83074 | C8: 12.651331 | D8: 3.0346095 | E8: =B8/1000 -> 0.98283074 | F8: =C8/1000 -> 0.012651331 | G8: =D8/1000 -> 0.0030346095
A9: 7 | B9: 975.39399 | C9: 20.354 | D9: 7.466831 | E9: =B9/1000 -> 0.97539399 | F9: =C9/1000 -> 0.020354 | G9: =D9/1000 -> 0.007466831
A10: 8 | B10: 962.49141 | C10: 33.533967 | D10: 9.1761695 | E10: =B10/1000 -> 0.96249141 | F10: =C10/1000 -> 0.033533967 | G10: =D10/1000 -> 0.0091761695
A11: 9 | B11: 944.50237 | C11: 47.496166 | D11: 7.522534 | E11: =B11/1000 -> 0.94450237 | F11: =C11/1000 -> 0.047496166 | G11: =D11/1000 -> 0.007522534
A12: 10 | B12: 918.19898 | C12: 67.597221 | D12: 3.2927993 | E12: =B12/1000 -> 0.91819898 | F12: =C12/1000 -> 0.067597221 | G12: =D12/1000 -> 0.0032927993
A13: 11 | B13: 890.21614 | C13: 95.969398 | D13: 19.651499 | E13: =B13/1000 -> 0.89021614 | F13: =C13/1000 -> 0.095969398 | G13: =D13/1000 -> 0.019651499
... A61: 59 | B61: -0.10788248 | C61: 53.596926 | D61: 941.00736 | E61: =B61/1000 -> -0.00010788248 | F61: =C61/1000 -> 0.053596926 | G61: =D61/1000 -> 0.94100736

Sheet SIR Data (14 Days)
A1: Day | B1: S | C1: I | D1: R | H1: N | I1: 950
A2: 0 | B2: 0.45 | C2: 0 | D2: 0
A3: 1 | B3: =N-C3-D3 -> 947 | C3: 3 | D3: 0
A4: 2 | B4: =N-C4-D4 -> 942 | C4: 8 | D4: 0
A5: 3 | B5: =N-C5-D5 -> 922 | C5: 28 | D5: 0
A6: 4 | B6: =N-C6-D6 -> 875 | C6: 75 | D6: 0
A7: 5 | B7: =N-C7-D7 -> 720 | C7: 221 | D7: 9
A8: 6 | B8: =N-C8-D8 -> 633 | C8: 291 | D8: 26
A9: 7 | B9: =N-C9-D9 -> 564 | C9: 255 | D9: 131
A10: 8 | B10: =N-C10-D10 -> 422 | C10: 235 | D10: 293
A11: 9 | B11: =N-C11-D11 -> 291 | C11: 190 | D11: 469
A12: 10 | B12: =N-C12-D12 -> 189 | C12: 126 | D12: 635
A13: 11 | B13: =N-C13-D13 -> 95 | C13: 70 | D13: 785
A14: 12 | B14: =N-C14-D14 -> 52 | C14: 28 | D14: 870
... A16: 14 | B16: =N-C16-D16 -> 8 | C16: 5 | D16: 937
A18: Day | B18: S | C18: I | D18: R
A19: 0 | B19: =B2/N -> 0.00047368421 | C19: =C2/N -> 0 | D19: =D2/N -> 0
A20: 1 | B20: =B3/N -> 0.99684211 | C20: =C3/N -> 0.0031578947 | D20: =D3/N -> 0
A21: 2 | B21: =B4/N -> 0.99157895 | C21: =C4/N -> 0.0084210526 | D21: =D4/N -> 0
A22: 3 | B22: =B5/N -> 0.97052632 | C22: =C5/N -> 0.029473684 | D22: =D5/N -> 0
A23: 4 | B23: =B6/N -> 0.92105263 | C23: =C6/N -> 0.078947368 | D23: =D6/N -> 0
A24: 5 | B24: =B7/N -> 0.75789474 | C24: =C7/N -> 0.23263158 | D24: =D7/N -> 0.0094736842
A25: 6 | B25: =B8/N -> 0.66631579 | C25: =C8/N -> 0.30631579 | D25: =D8/N -> 0.027368421
A26: 7 | B26: =B9/N -> 0.59368421 | C26: =C9/N -> 0.26842105 | D26: =D9/N -> 0.13789474
A27: 8 | B27: =B10/N -> 0.44421053 | C27: =C10/N -> 0.24736842 | D27: =D10/N -> 0.30842105
A28: 9 | B28: =B11/N -> 0.30631579 | C28: =C11/N -> 0.2 | D28: =D11/N -> 0.49368421
A29: 10 | B29: =B12/N -> 0.19894737 | C29: =C12/N -> 0.13263158 | D29: =D12/N -> 0.66842105
A30: 11 | B30: =B13/N -> 0.1 | C30: =C13/N -> 0.073684211 | D30: =D13/N -> 0.82631579
... A33: 14 | B33: =B16/N -> 0.0084210526 | C33: =C16/N -> 0.0052631579 | D33: =D16/N -> 0.98631579

Sheet Estimation
A1: Day | B1: f11 | C1: f12 | D1: f13S Predicted | E1: f13I Predicted | F1: f12R Predicted | G1: f13S Real | H1: f13I Real | I1: f13R Real | J1: MSE
A2: 0 | B2: ='Param (No DINN)'!$B$2*Estimation!A2 + 'Param (No DINN)'!$B$3 -> -5.4163908 | C2: =1/(1+EXP(-1*B2)) -> 0.0044234996 | D2: =w12S1*Estimation!C2 + b12S1 -> 0.93744596 | E2: =w12I1*Estimation!C2 + b12I1 -> 0.12401743 | F2: =w12R1*Estimation!C2 + b12R1 -> -0.061464257 | G2: 1 | H2: 0 | I2: 0 | J2: =SUM((D2-G2)^2,(E2-H2)^2,(F2-I2)^2) -> 0.023071185
A3: 1 | B3: ='Param (No DINN)'!$B$2*Estimation!A3 + 'Param (No DINN)'!$B$3 -> -4.7805938 | C3: =1/(1+EXP(-1*B3)) -> 0.0083211916 | D3: =w12S1*Estimation!C3 + b12S1 -> 0.93349232 | E3: =w12I1*Estimation!C3 + b12I1 -> 0.1238654 | F3: =w12R1*Estimation!C3 + b12R1 -> -0.05735858 | G3: 0.99684211 | H3: 0.0031578947 | I3: 0 | J3: =SUM((D3-G3)^2,(E3-H3)^2,(F3-I3)^2) -> 0.021873503
A4: 2 | B4: ='Param (No DINN)'!$B$2*Estimation!A4 + 'Param (No DINN)'!$B$3 -> -4.1447968 | C4: =1/(1+EXP(-1*B4)) -> 0.015599456 | D4: =w12S1*Estimation!C4 + b12S1 -> 0.92610957 | E4: =w12I1*Estimation!C4 + b12I1 -> 0.1235815 | F4: =w12R1*Estimation!C4 + b12R1 -> -0.04969194 | G4: 0.99157895 | H4: 0.0084210526 | I4: 0 | J4: =SUM((D4-G4)^2,(E4-H4)^2,(F4-I4)^2) -> 0.020017457
A5: 3 | B5: ='Param (No DINN)'!$B$2*Estimation!A5 + 'Param (No DINN)'!$B$3 -> -3.5089998 | C5: =1/(1+EXP(-1*B5)) -> 0.029057241 | D5: =w12S1*Estimation!C5 + b12S1 -> 0.9124586 | E5: =w12I1*Estimation!C5 + b12I1 -> 0.12305657 | F5: =w12R1*Estimation!C5 + b12R1 -> -0.035516033 | G5: 0.97052632 | H5: 0.029473684 | I5: 0 | J5: =SUM((D5-G5)^2,(E5-H5)^2,(F5-I5)^2) -> 0.013391004
A6: 4 | B6: ='Param (No DINN)'!$B$2*Estimation!A6 + 'Param (No DINN)'!$B$3 -> -2.8732028 | C6: =1/(1+EXP(-1*B6)) -> 0.053494255 | D6: =w12S1*Estimation!C6 + b12S1 -> 0.88767078 | E6: =w12I1*Estimation!C6 + b12I1 -> 0.12210338 | F6: =w12R1*Estimation!C6 + b12R1 -> -0.0097750355 | G6: 0.92105263 | H6: 0.078947368 | I6: 0 | J6: =SUM((D6-G6)^2,(E6-H6)^2,(F6-I6)^2) -> 0.0030723401
A7: 5 | B7: ='Param (No DINN)'!$B$2*Estimation!A7 + 'Param (No DINN)'!$B$3 -> -2.2374058 | C7: =1/(1+EXP(-1*B7)) -> 0.096441368 | D7: =w12S1*Estimation!C7 + b12S1 -> 0.84410715 | E7: =w12I1*Estimation!C7 + b12I1 -> 0.12042818 | F7: =w12R1*Estimation!C7 + b12R1 -> 0.03546378 | G7: 0.75789474 | H7: 0.23263158 | I7: 0.0094736842 | J7: =SUM((D7-G7)^2,(E7-H7)^2,(F7-I7)^2) -> 0.020697668
A8: 6 | B8: ='Param (No DINN)'!$B$2*Estimation!A8 + 'Param (No DINN)'!$B$3 -> -1.6016088 | C8: =1/(1+EXP(-1*B8)) -> 0.16775689 | D8: =w12S1*Estimation!C8 + b12S1 -> 0.77176787 | E8: =w12I1*Estimation!C8 + b12I1 -> 0.11764645 | F8: =w12R1*Estimation!C8 + b12R1 -> 0.11058477 | G8: 0.66631579 | H8: 0.30631579 | I8: 0.027368421 | J8: =SUM((D8-G8)^2,(E8-H8)^2,(F8-I8)^2) -> 0.053641224
A9: 7 | B9: ='Param (No DINN)'!$B$2*Estimation!A9 + 'Param (No DINN)'!$B$3 -> -0.96581175 | C9: =1/(1+EXP(-1*B9)) -> 0.2757161 | D9: =w12S1*Estimation!C9 + b12S1 -> 0.66225888 | E9: =w12I1*Estimation!C9 + b12I1 -> 0.11343539 | F9: =w12R1*Estimation!C9 + b12R1 -> 0.22430479 | G9: 0.59368421 | H9: 0.26842105 | I9: 0.13789474 | J9: =SUM((D9-G9)^2,(E9-H9)^2,(F9-I9)^2) -> 0.036189739
A10: 8 | B10: ='Param (No DINN)'!$B$2*Estimation!A10 + 'Param (No DINN)'!$B$3 -> -0.33001474 | C10: =1/(1+EXP(-1*B10)) -> 0.41823704 | D10: =w12S1*Estimation!C10 + b12S1 -> 0.51769201 | E10: =w12I1*Estimation!C10 + b12I1 -> 0.10787622 | F10: =w12R1*Estimation!C10 + b12R1 -> 0.3744308 | G10: 0.44421053 | H10: 0.24736842 | I10: 0.30842105 | J10: =SUM((D10-G10)^2,(E10-H10)^2,(F10-I10)^2) -> 0.02921489
A11: 9 | B11: ='Param (No DINN)'!$B$2*Estimation!A11 + 'Param (No DINN)'!$B$3 -> 0.30578227 | C11: =1/(1+EXP(-1*B11)) -> 0.57585543 | D11: =w12S1*Estimation!C11 + b12S1 -> 0.35781096 | E11: =w12I1*Estimation!C11 + b12I1 -> 0.10172815 | F11: =w12R1*Estimation!C11 + b12R1 -> 0.54045987 | G11: 0.30631579 | H11: 0.2 | I11: 0.49368421 | J11: =SUM((D11-G11)^2,(E11-H11)^2,(F11-I11)^2) -> 0.014497071
A12: 10 | B12: ='Param (No DINN)'!$B$2*Estimation!A12 + 'Param (No DINN)'!$B$3 -> 0.94157928 | C12: =1/(1+EXP(-1*B12)) -> 0.71941855 | D12: =w12S1*Estimation!C12 + b12S1 -> 0.21218694 | E12: =w12I1*Estimation!C12 + b12I1 -> 0.096128328 | F12: =w12R1*Estimation!C12 + b12R1 -> 0.69168368 | G12: 0.19894737 | H12: 0.13263158 | I12: 0.66842105 | J12: =SUM((D12-G12)^2,(E12-H12)^2,(F12-I12)^2) -> 0.0020489233
A13: 11 | B13: ='Param (No DINN)'!$B$2*Estimation!A13 + 'Param (No DINN)'!$B$3 -> 1.5773763 | C13: =1/(1+EXP(-1*B13)) -> 0.82883262 | D13: =w12S1*Estimation!C13 + b12S1 -> 0.10120221 | E13: =w12I1*Estimation!C13 + b12I1 -> 0.091860523 | F13: =w12R1*Estimation!C13 + b12R1 -> 0.80693619 | G13: 0.1 | H13: 0.073684211 | I13: 0.82631579 | J13: =SUM((D13-G13)^2,(E13-H13)^2,(F13-I13)^2) -> 0.00070739263
... A16: 14 | B16: ='Param (No DINN)'!$B$2*Estimation!A16 + 'Param (No DINN)'!$B$3 -> 3.4847673 | C16: =1/(1+EXP(-1*B16)) -> 0.97025123 | D16: =w12S1*Estimation!C16 + b12S1 -> -0.042246515 | E16: =w12I1*Estimation!C16 + b12I1 -> 0.086344348 | F16: =w12R1*Estimation!C16 + b12R1 -> 0.95590105 | G16: 0.0084210526 | H16: 0.0052631579 | I16: 0.98631579 | J16: =SUM((D16-G16)^2,(E16-H16)^2,(F16-I16)^2) -> 0.010066418

Sheet Param (No DINN)
A1: Parameter | B1: Value | D1: MSE | E1: =SUM(Estimation!J2:J16) -> 0.26219564
A2: w11 | B2: 0.63579701
A3: b11 | B3: -5.4163908
A4: w12S | B4: -1.0143553
A5: b12S | B5: 0.94193296
A6: w12I | B6: -0.039006006
A7: b12I | B7: 0.12418997
A8: w12R | B8: 1.053361
A9: b12R | B9: -0.066123799
B13: 0.018450998
B14: 0.042353909
B15: -4.772816
B16: 1.341397
B17: 0.13341642
B18: 0.086317436
B19: 4.8113477
B20: -0.45649759

Sheet Estimation with Equations
A1: Day | B1: f11 | C1: f12 | D1: S Predicted | E1: I Predicted | F1: R Predicted | G1: S Real | H1: I Real | I1: R Real | J1: MSE NN | K1: ds/dt | L1: di/dt | M1: dr/dt | N1: bsi | O1: bsi+ai | P1: ai | Q1: E1 | R1: E2 | S1: E3 | T1: E4
A2: 1 | B2: ='Param (DINN)'!$B$2*'Estimation with Equations'!A2 + 'Param (DINN)'!$B$3 -> 2.3190706 | C2: =TANH(B2) -> 0.98083411 | D2: =w12S*'Estimation with Equations'!C2 + b12S -> 0.93952277 | E2: =w12I*'Estimation with Equations'!C2 + b12I -> 0.11900787 | F2: =w12R*'Estimation with Equations'!C2 + b12R -> -0.058534529 | G2: 0.99684211 | H2: 0.0031578947 | I2: 0 | J2: =SUM((D2-G2)^2,(E2-H2)^2,(F2-I2)^2) -> 0.020133015 | K2: =G2-1 -> -0.0031578947 | L2: =H2 -> 0.0031578947 | M2: =I2 -> 0 | N2: =b*G2*H2 -> 0.0027149172 | O2: =-b*G2*H2+a*H2 -> -0.0013663253 | P2: =-a*H2 -> -0.0013485919 | Q2: =(K2+N2)^2 -> 1.9622909e-07 | R2: =(L2+O2)^2 -> 3.2097212e-06 | S2: =(M2+P2)^2 -> 1.8187002e-06 | T2: =(1-SUM(D2:F2))^2 -> 1.5108122e-11
A3: 2 | B3: ='Param (DINN)'!$B$2*'Estimation with Equations'!A3 + 'Param (DINN)'!$B$3 -> 2.010924 | C3: =TANH(B3) -> 0.9647913 | D3: =w12S*'Estimation with Equations'!C3 + b12S -> 0.93113749 | E3: =w12I*'Estimation with Equations'!C3 + b12I -> 0.11893816 | F3: =w12R*'Estimation with Equations'!C3 + b12R -> -0.050079528 | G3: 0.99157895 | H3: 0.0084210526 | I3: 0 | J3: =SUM((D3-G3)^2,(E3-H3)^2,(F3-I3)^2) -> 0.018375158 | K3: =G3-G2 -> -0.0052631579 | L3: =H3-H2 -> 0.0052631579 | M3: =I3 -> 0 | N3: =b*G3*H3 -> 0.0072015544 | O3: =-b*G3*H3+a*H3 -> -0.0036053092 | P3: =-a*H3 -> -0.0035962452 | Q3: =(K3+N3)^2 -> 3.7573811e-06 | R3: =(L3+O3)^2 -> 2.7484622e-06 | S3: =(M3+P3)^2 -> 1.2932979e-05 | T3: =(1-SUM(D3:F3))^2 -> 1.505026e-11
A4: 3 | B4: ='Param (DINN)'!$B$2*'Estimation with Equations'!A4 + 'Param (DINN)'!$B$3 -> 1.7027775 | C4: =TANH(B4) -> 0.93575539 | D4: =w12S*'Estimation with Equations'!C4 + b12S -> 0.91596097 | E4: =w12I*'Estimation with Equations'!C4 + b12I -> 0.11881197 | F4: =w12R*'Estimation with Equations'!C4 + b12R -> -0.034776806 | G4: 0.97052632 | H4: 0.029473684 | I4: 0 | J4: =SUM((D4-G4)^2,(E4-H4)^2,(F4-I4)^2) -> 0.012168133 | K4: =G4-G3 -> -0.021052632 | L4: =H4-H3 -> 0.021052632 | M4: =I4 -> 0 | N4: =b*G4*H4 -> 0.024670293 | O4: =-b*G4*H4+a*H4 -> -0.012083435 | P4: =-a*H4 -> -0.012586858 | Q4: =(K4+N4)^2 -> 1.3087475e-05 | R4: =(L4+O4)^2 -> 8.0446488e-05 | S4: =(M4+P4)^2 -> 0.000158429 | T4: =(1-SUM(D4:F4))^2 -> 1.4945818e-11
A5: 4 | B5: ='Param (DINN)'!$B$2*'Estimation with Equations'!A5 + 'Param (DINN)'!$B$3 -> 1.394631 | C5: =TANH(B5) -> 0.88418559 | D5: =w12S*'Estimation with Equations'!C5 + b12S -> 0.88900641 | E5: =w12I*'Estimation with Equations'!C5 + b12I -> 0.11858786 | F5: =w12R*'Estimation with Equations'!C5 + b12R -> -0.007598109 | G5: 0.92105263 | H5: 0.078947368 | I5: 0 | J5: =SUM((D5-G5)^2,(E5-H5)^2,(F5-I5)^2) -> 0.0026560602 | K5: =G5-G4 -> -0.049473684 | L5: =H5-H4 -> 0.049473684 | M5: =I5 -> 0 | N5: =b*G5*H5 -> 0.062712581 | O5: =-b*G5*H5+a*H5 -> -0.028997782 | P5: =-a*H5 -> -0.033714799 | Q5: =(K5+N5)^2 -> 0.00017526838 | R5: =(L5+O5)^2 -> 0.00041926256 | S5: =(M5+P5)^2 -> 0.0011366876 | T5: =(1-SUM(D5:F5))^2 -> 1.4761218e-11
A6: 5 | B6: ='Param (DINN)'!$B$2*'Estimation with Equations'!A6 + 'Param (DINN)'!$B$3 -> 1.0864844 | C6: =TANH(B6) -> 0.79559142 | D6: =w12S*'Estimation with Equations'!C6 + b12S -> 0.8426999 | E6: =w12I*'Estimation with Equations'!C6 + b12I -> 0.11820285 | F6: =w12R*'Estimation with Equations'!C6 + b12R -> 0.039093448 | G6: 0.75789474 | H6: 0.23263158 | I6: 0.0094736842 | J6: =SUM((D6-G6)^2,(E6-H6)^2,(F6-I6)^2) -> 0.021163181 | K6: =G6-G5 -> -0.16315789 | L6: =H6-H5 -> 0.15368421 | M6: =I6 -> 0.0094736842 | N6: =b*G6*H6 -> 0.1520583 | O6: =-b*G6*H6+a*H6 -> -0.052712026 | P6: =-a*H6 -> -0.099346273 | Q6: =(K6+N6)^2 -> 0.00012320104 | R6: =(L6+O6)^2 -> 0.010195382 | S6: =(M6+P6)^2 -> 0.0080770822 | T6: =(1-SUM(D6:F6))^2 -> 1.4446763e-11
A7: 6 | B7: ='Param (DINN)'!$B$2*'Estimation with Equations'!A7 + 'Param (DINN)'!$B$3 -> 0.7783379 | C7: =TANH(B7) -> 0.65175167 | D7: =w12S*'Estimation with Equations'!C7 + b12S -> 0.76751758 | E7: =w12I*'Estimation with Equations'!C7 + b12I -> 0.11757775 | F7: =w12R*'Estimation with Equations'!C7 + b12R -> 0.11490094 | G7: 0.66631579 | H7: 0.30631579 | I7: 0.027368421 | J7: =SUM((D7-G7)^2,(E7-H7)^2,(F7-I7)^2) -> 0.053525792 | K7: =G7-G6 -> -0.091578947 | L7: =H7-H6 -> 0.073684211 | M7: =I7 -> 0.027368421 | N7: =b*G7*H7 -> 0.17602812 | O7: =-b*G7*H7+a*H7 -> -0.045214704 | P7: =-a*H7 -> -0.13081342 | Q7: =(K7+N7)^2 -> 0.0071316631 | R7: =(L7+O7)^2 -> 0.00081051281 | S7: =(M7+P7)^2 -> 0.010700867 | T7: =(1-SUM(D7:F7))^2 -> 1.3943431e-11
A8: 7 | B8: ='Param (DINN)'!$B$2*'Estimation with Equations'!A8 + 'Param (DINN)'!$B$3 -> 0.47019137 | C8: =TANH(B8) -> 0.43835392 | D8: =w12S*'Estimation with Equations'!C8 + b12S -> 0.6559786 | E8: =w12I*'Estimation with Equations'!C8 + b12I -> 0.11665037 | F8: =w12R*'Estimation with Equations'!C8 + b12R -> 0.2273674 | G8: 0.59368421 | H8: 0.26842105 | I8: 0.13789474 | J8: =SUM((D8-G8)^2,(E8-H8)^2,(F8-I8)^2) -> 0.034920289 | K8: =G8-G7 -> -0.072631579 | L8: =H8-H7 -> -0.037894737 | M8: =I8 -> 0.13789474 | N8: =b*G8*H8 -> 0.13743731 | O8: =-b*G8*H8+a*H8 -> -0.022806993 | P8: =-a*H8 -> -0.11463031 | Q8: =(K8+N8)^2 -> 0.0041997826 | R8: =(L8+O8)^2 -> 0.0036847001 | S8: =(M8+P8)^2 -> 0.00054123333 | T8: =(1-SUM(D8:F8))^2 -> 1.321314e-11
A9: 8 | B9: ='Param (DINN)'!$B$2*'Estimation with Equations'!A9 + 'Param (DINN)'!$B$3 -> 0.16204483 | C9: =TANH(B9) -> 0.16064122 | D9: =w12S*'Estimation with Equations'!C9 + b12S -> 0.5108234 | E9: =w12I*'Estimation with Equations'!C9 + b12I -> 0.11544348 | F9: =w12R*'Estimation with Equations'!C9 + b12R -> 0.37372961 | G9: 0.44421053 | H9: 0.24736842 | I9: 0.30842105 | J9: =SUM((D9-G9)^2,(E9-H9)^2,(F9-I9)^2) -> 0.026106672 | K9: =G9-G8 -> -0.14947368 | L9: =H9-H8 -> -0.021052632 | M9: =I9 -> 0.30842105 | N9: =b*G9*H9 -> 0.094768863 | O9: =-b*G9*H9+a*H9 -> 0.010870839 | P9: =-a*H9 -> -0.1056397 | Q9: =(K9+N9)^2 -> 0.0029926175 | R9: =(L9+O9)^2 -> 0.0001036689 | S9: =(M9+P9)^2 -> 0.041120276 | T9: =(1-SUM(D9:F9))^2 -> 1.2292163e-11
A10: 9 | B10: ='Param (DINN)'!$B$2*'Estimation with Equations'!A10 + 'Param (DINN)'!$B$3 -> -0.1461017 | C10: =TANH(B10) -> -0.14507096 | D10: =w12S*'Estimation with Equations'!C10 + b12S -> 0.35103341 | E10: =w12I*'Estimation with Equations'!C10 + b12I -> 0.11411492 | F10: =w12R*'Estimation with Equations'!C10 + b12R -> 0.5348483 | G10: 0.30631579 | H10: 0.2 | I10: 0.49368421 | J10: =SUM((D10-G10)^2,(E10-H10)^2,(F10-I10)^2) -> 0.011070395 | K10: =G10-G9 -> -0.13789474 | L10: =H10-H9 -> -0.047368421 | M10: =I10 -> 0.49368421 | N10: =b*G10*H10 -> 0.052836245 | O10: =-b*G10*H10+a*H10 -> 0.032574578 | P10: =-a*H10 -> -0.085410823 | Q10: =(K10+N10)^2 -> 0.007234947 | R10: =(L10+O10)^2 -> 0.0002188578 | S10: =(M10+P10)^2 -> 0.16668716 | T10: =(1-SUM(D10:F10))^2 -> 1.1316799e-11
A11: 10 | B11: ='Param (DINN)'!$B$2*'Estimation with Equations'!A11 + 'Param (DINN)'!$B$3 -> -0.45424824 | C11: =TANH(B11) -> -0.4253848 | D11: =w12S*'Estimation with Equations'!C11 + b12S -> 0.20451865 | E11: =w12I*'Estimation with Equations'!C11 + b12I -> 0.11289674 | F11: =w12R*'Estimation with Equations'!C11 + b12R -> 0.68258138 | G11: 0.19894737 | H11: 0.13263158 | I11: 0.66842105 | J11: =SUM((D11-G11)^2,(E11-H11)^2,(F11-I11)^2) -> 0.00062101809 | K11: =G11-G10 -> -0.10736842 | L11: =H11-H10 -> -0.067368421 | M11: =I11 -> 0.66842105 | N11: =b*G11*H11 -> 0.022757141 | O11: =-b*G11*H11+a*H11 -> 0.03388372 | P11: =-a*H11 -> -0.056640861 | Q11: =(K11+N11)^2 -> 0.0071590687 | R11: =(L11+O11)^2 -> 0.0011212252 | S11: =(M11+P11)^2 -> 0.374275 | T11: =(1-SUM(D11:F11))^2 -> 1.0457895e-11
A12: 11 | B12: ='Param (DINN)'!$B$2*'Estimation with Equations'!A12 + 'Param (DINN)'!$B$3 -> -0.76239478 | C12: =TANH(B12) -> -0.64248537 | D12: =w12S*'Estimation with Equations'!C12 + b12S -> 0.091044276 | E12: =w12I*'Estimation with Equations'!C12 + b12I -> 0.11195326 | F12: =w12R*'Estimation with Equations'!C12 + b12R -> 0.79699933 | G12: 0.1 | H12: 0.073684211 | I12: 0.82631579 | J12: =SUM((D12-G12)^2,(E12-H12)^2,(F12-I12)^2) -> 0.0024041799 | K12: =G12-G11 -> -0.098947368 | L12: =H12-H11 -> -0.058947368 | M12: =I12 -> 0.82631579 | N12: =b*G12*H12 -> 0.0063548748 | O12: =-b*G12*H12+a*H12 -> 0.02511227 | P12: =-a*H12 -> -0.031467145 | Q12: =(K12+N12)^2 -> 0.0085733699 | R12: =(L12+O12)^2 -> 0.0011448139 | S12: =(M12+P12)^2 -> 0.63178437 | T12: =(1-SUM(D12:F12))^2 -> 9.8159719e-12
A13: 12 | B13: ='Param (DINN)'!$B$2*'Estimation with Equations'!A13 + 'Param (DINN)'!$B$3 -> -1.0705413 | C13: =TANH(B13) -> -0.78966507 | D13: =w12S*'Estimation with Equations'!C13 + b12S -> 0.014116218 | E13: =w12I*'Estimation with Equations'!C13 + b12I -> 0.11131365 | F13: =w12R*'Estimation with Equations'!C13 + b12R -> 0.87456707 | G13: 0.054736842 | H13: 0.029473684 | I13: 0.91578947 | J13: =SUM((D13-G13)^2,(E13-H13)^2,(F13-I13)^2) -> 0.010047101 | K13: =G13-G12 -> -0.045263158 | L13: =H13-H12 -> -0.044210526 | M13: =I13 -> 0.91578947 | N13: =b*G13*H13 -> 0.0013913831 | O13: =-b*G13*H13+a*H13 -> 0.011195475 | P13: =-a*H13 -> -0.012586858 | Q13: =(K13+N13)^2 -> 0.0019247326 | R13: =(L13+O13)^2 -> 0.0010899936 | S13: =(M13+P13)^2 -> 0.81577496 | T13: =(1-SUM(D13:F13))^2 -> 9.3923536e-12
A14: 13 | B14: ='Param (DINN)'!$B$2*'Estimation with Equations'!A14 + 'Param (DINN)'!$B$3 -> -1.3786878 | C14: =TANH(B14) -> -0.8806571 | D14: =w12S*'Estimation with Equations'!C14 + b12S -> -0.033443602 | E14: =w12I*'Estimation with Equations'!C14 + b12I -> 0.11091822 | F14: =w12R*'Estimation with Equations'!C14 + b12R -> 0.92252236 | G14: 0.022105263 | H14: 0.012631579 | I14: 0.96526316 | J14: =SUM((D14-G14)^2,(E14-H14)^2,(F14-I14)^2) -> 0.014572715 | K14: =G14-G13 -> -0.032631579 | L14: =H14-H13 -> -0.016842105 | M14: =I14 -> 0.96526316 | N14: =b*G14*H14 -> 0.00024081631 | O14: =-b*G14*H14+a*H14 -> 0.0051535515 | P14: =-a*H14 -> -0.0053943678 | Q14: =(K14+N14)^2 -> 0.0010491615 | R14: =(L14+O14)^2 -> 0.00013662229 | S14: =(M14+P14)^2 -> 0.92134809 | T14: =(1-SUM(D14:F14))^2 -> 9.1351308e-12
A15: 14 | B15: ='Param (DINN)'!$B$2*'Estimation with Equations'!A15 + 'Param (DINN)'!$B$3 -> -1.6868344 | C15: =TANH(B15) -> -0.93374281 | D15: =w12S*'Estimation with Equations'!C15 + b12S -> -0.061190502 | E15: =w12I*'Estimation with Equations'!C15 + b12I -> 0.11068752 | F15: =w12R*'Estimation with Equations'!C15 + b12R -> 0.95049999 | G15: 0.0084210526 | H15: 0.0052631579 | I15: 0.98631579 | J15: =SUM((D15-G15)^2,(E15-H15)^2,(F15-I15)^2) -> 0.017242835 | K15: =G15-G14 -> -0.013684211 | L15: =H15-H14 -> -0.0073684211 | M15: =I15 -> 0.98631579 | N15: =b*G15*H15 -> 3.8224811e-05 | O15: =-b*G15*H15+a*H15 -> 0.0022094284 | P15: =-a*H15 -> -0.0022476532 | Q15: =(K15+N15)^2 -> 0.00018621293 | R15: =(L15+O15)^2 -> 2.6615205e-05 | S15: =(M15+P15)^2 -> 0.9683901 | T15: =(1-SUM(D15:F15))^2 -> 8.9867139e-12

Sheet Param (DINN)
A1: Parameter | B1: Value | D1: MSE | E1: =AVERAGE('Estimation with Equations'!J2:J15) -> 0.017500468 | G1: E1 | H1: =SUM('Estimation with Equations'!Q2:Q15) -> 0.040767066 | M1: Max | N1: 5 | Q1: Test
A2: w11 | B2: -0.30814654 | D2: E_n | E2: =SUM(H1:H4) -> 3.9998141 | G2: E2 | H2: =SUM('Estimation with Equations'!R2:R15) -> 0.019038059 | M2: Min | N2: -5 | Q2: 0.30807236 | R2: -0.30814654
A3: b11 | B3: 2.6272171 | D3: MSE with E_n | E3: =E1+SUM(H1:H4) -> 4.0173146 | G3: E3 | H3: =SUM('Estimation with Equations'!S2:S15) -> 3.940009 | Q3: -2.6266219 | R3: 2.6272171
A4: w12S | B4: 0.52268115 | G4: E4 | H4: =SUM('Estimation with Equations'!T2:T15) -> 1.7286578e-10 | Q4: -0.522713 | R4: 0.52268115
A5: b12S | B5: 0.42685927 | Q5: 0.42685956 | R5: 0.42685927
A6: w12I | B6: 0.0043457947 | Q6: -0.0043502334 | R6: 0.0043457947
A7: b12I | B7: 0.11474537 | Q7: 0.11472288 | R7: 0.11474537
A8: w12R | B8: -0.52702741 | Q8: 0.52706255 | R8: -0.52702741
A9: b12R | B9: 0.45839193 | Q9: 0.45841699 | R9: 0.45839193
A10: a | B10: 0.42705411 | Q10: 0.42708504 | R10: 0.42704944
A11: b | B11: 0.8624473 | Q11: 0.86255585 | R11: 0.86243948
B17: -0.30814654
B18: 2.6272171
B19: 0.52268115
B20: 0.42685927
B21: 0.0043457947
B22: 0.11474537
B23: -0.52702741
B24: 0.45839193
B25: 0.42705411
B26: 0.8624473
B28: 0.32082881
B29: -2.742037
... B37: 1.2527336

Sheet SIR Predicted
A1: Day | B1: S | C1: I | D1: R | J1: S Pred | K1: I Pred | L1: R Pred
A2: 1 | B2: 947 | C2: 3 | D2: 0 | F2: {=('Estimation with Equations'!N2:P15)*-1*N} -> -2.5791713 | G2: 1.298009 | H2: 1.2811623 | J2: =F2+950 -> 947.42083 | K2: =G2 -> 1.298009 | L2: =H2 -> 1.2811623 | M2: =SUM(J2:L2) -> 950
A3: 2 | B3: 942 | C3: 8 | D3: 0 | F3: -6.8414767 | G3: 3.4250438 | H3: 3.4164329 | J3: =F3+J2 -> 940.57935 | K3: =G3+K2 -> 4.7230528 | L3: =H3+L2 -> 4.6975953 | M3: =SUM(J3:L3) -> 950
A4: 3 | B4: 922 | C4: 28 | D4: 0 | F4: -23.436778 | G4: 11.479263 | H4: 11.957515 | J4: =F4+J3 -> 917.14257 | K4: =G4+K3 -> 16.202316 | L4: =H4+L3 -> 16.65511 | M4: =SUM(J4:L4) -> 950
A5: 4 | B5: 875 | C5: 75 | D5: 0 | F5: -59.576952 | G5: 27.547893 | H5: 32.029059 | J5: =F5+J4 -> 857.56562 | K5: =G5+K4 -> 43.750209 | L5: =H5+L4 -> 48.684169 | M5: =SUM(J5:L5) -> 950
A6: 5 | B6: 720 | C6: 221 | D6: 9 | F6: -144.45538 | G6: 50.076424 | H6: 94.378959 | J6: =F6+J5 -> 713.11024 | K6: =G6+K5 -> 93.826633 | L6: =H6+L5 -> 143.06313 | M6: =SUM(J6:L6) -> 950
A7: 6 | B7: 633 | C7: 291 | D7: 26 | F7: -167.22672 | G7: 42.953969 | H7: 124.27275 | J7: =F7+J6 -> 545.88352 | K7: =G7+K6 -> 136.7806 | L7: =H7+L6 -> 267.33588 | M7: =SUM(J7:L7) -> 950
A8: 7 | B8: 564 | C8: 255 | D8: 131 | F8: -130.56544 | G8: 21.666644 | H8: 108.8988 | J8: =F8+J7 -> 415.31808 | K8: =G8+K7 -> 158.44725 | L8: =H8+L7 -> 376.23467 | M8: =SUM(J8:L8) -> 950
A9: 8 | B9: 422 | C9: 235 | D9: 293 | F9: -90.03042 | G9: -10.327297 | H9: 100.35772 | J9: =F9+J8 -> 325.28766 | K9: =G9+K8 -> 148.11995 | L9: =H9+L8 -> 476.59239 | M9: =SUM(J9:L9) -> 950
A10: 9 | B10: 291 | C10: 190 | D10: 469 | F10: -50.194433 | G10: -30.945849 | H10: 81.140282 | J10: =F10+J9 -> 275.09323 | K10: =G10+K9 -> 117.1741 | L10: =H10+L9 -> 557.73267 | M10: =SUM(J10:L10) -> 950
A11: 10 | B11: 189 | C11: 126 | D11: 635 | F11: -21.619284 | G11: -32.189534 | H11: 53.808818 | J11: =F11+J10 -> 253.47394 | K11: =G11+K10 -> 84.984566 | L11: =H11+L10 -> 611.54149 | M11: =SUM(J11:L11) -> 950
A12: 11 | B12: 95 | C12: 70 | D12: 785 | F12: -6.0371311 | G12: -23.856657 | H12: 29.893788 | J12: =F12+J11 -> 247.43681 | K12: =G12+K11 -> 61.127909 | L12: =H12+L11 -> 641.43528 | M12: =SUM(J12:L12) -> 950
A13: 12 | B13: 52 | C13: 28 | D13: 870 | F13: -1.321814 | G13: -10.635701 | H13: 11.957515 | J13: =F13+J12 -> 246.115 | K13: =G13+K12 -> 50.492208 | L13: =H13+L12 -> 653.3928 | M13: =SUM(J13:L13) -> 950
A14: 13 | B14: 21 | C14: 12 | D14: 917 | F14: -0.22877549 | G14: -4.8958739 | H14: 5.1246494 | J14: =F14+J13 -> 245.88622 | K14: =G14+K13 -> 45.596334 | L14: =H14+L13 -> 658.51744 | M14: =SUM(J14:L14) -> 950
A15: 14 | B15: 8 | C15: 5 | D15: 937 | F15: -0.036313571 | G15: -2.098957 | H15: 2.1352706 | J15: =F15+J14 -> 245.84991 | K15: =G15+K14 -> 43.497377 | L15: =H15+L14 -> 660.65271 | M15: =SUM(J15:L15) -> 950

Sheet Estimation with 1 Neuron
A1: Neural Network Table | Y1: Neural Network Table Formulas | AC1: Error-Log Table
A2: Input | B2: Neuron and Output | G2: Real Data | J2: NN Loss | K2: DINN | N2: DINN Loss | S2: Parameters Table | V2: Error-Log Table
A3: Day | B3: f11 | C3: f12 | D3: f13S Predicted | E3: f13I Predicted | F3: f12R Predicted | G3: f13S Real | H3: f13I Real | I3: f13R Real | J3: MSE | K3: dS/dt | L3: dI/dt | M3: dR/dt | N3: E1 | O3: E2 | P3: E3 | Q3: E4 | S3: Parameter | T3: Value | V3: MSE | W3: =SUM(J4:J63) -> 3.0451422 | Y3: Name | Z3: Cell | AA3: Formula | AC3: Name | AD3: Cell | AE3: Formula
A4: 0 | B4: =$T$4*A4+$T$5 -> 1.8938822 | C4: =TANH(B4) -> 0.95571064 | D4: =$T$6*C4+$T$7 -> 0.97155583 | E4: =$T$8*C4+$T$9 -> 0.15212837 | F4: =$T$10*C4+$T$11 -> -0.12346379 | G4: 0.99916903 | H4: -0.00051644142 | I4: 0.0012964653 | J4: =SUM((D4-G4)^2,(E4-H4)^2,(F4-I4)^2) -> 0.039628048 | Q4: =(1 - SUM(D4:F4))^2 -> 4.8578962e-08 | S4: w11 | T4: -0.10392257 | V4: DINN | W4: =SUM(N4:Q63) -> 0.068220305 | Y4: f11 | Z4: B2 | AA4: =$T$3*A4+$T$4 | AC4: MSE | AD4: W2 | AE4: =_xlfn.FORMULATEXT(W3) -> =SUM(J4:J63)
A5: 1 | B5: =$T$4*A5+$T$5 -> 1.7899596 | C5: =TANH(B5) -> 0.94575631 | D5: =$T$6*C5+$T$7 -> 0.9663718 | E5: =$T$8*C5+$T$9 -> 0.15264843 | F5: =$T$10*C5+$T$11 -> -0.11880056 | G5: 0.98960194 | H5: 0.0021639113 | I5: 0.002694591 | J5: =SUM((D5-G5)^2,(E5-H5)^2,(F5-I5)^2) -> 0.0379463 | K5: =D5-D4 -> -0.0051840308 | L5: =E5-E4 -> 0.00052006072 | M5: =F5-F4 -> 0.0046632325 | N5: =(K5+$AC$21*D5*E5)^2 -> 2.6874176e-05 | O5: =(L5-$AC$21*D5*E5+$AC$20*E5)^2 -> 2.7046315e-07 | P5: =(M5-$AC$20*E5)^2 -> 2.1745737e-05 | Q5: =(1 - SUM(D5:F5))^2 -> 4.8254363e-08 | S5: b11 | T5: 1.8938822 | V5: MSE +DINN | W5: =SUM(W3:W4) -> 3.1133625 | Y5: f12 | Z5: C2 | AA5: =TANH(B4) | AC5: DINN | AD5: W3 | AE5: =_xlfn.FORMULATEXT(W4) -> =SUM(N4:Q63)
A6: 2 | B6: =$T$4*A6+$T$5 -> 1.6860371 | C6: =TANH(B6) -> 0.93364058 | D6: =$T$6*C6+$T$7 -> 0.96006216 | E6: =$T$8*C6+$T$9 -> 0.15328141 | F6: =$T$10*C6+$T$11 -> -0.1131248 | G6: 1.0027007 | H6: 0.0033100596 | I6: -0.0047185297 | J6: =SUM((D6-G6)^2,(E6-H6)^2,(F6-I6)^2) -> 0.036061367 | K6: =D6-D5 -> -0.0063096422 | L6: =E6-E5 -> 0.00063298178 | M6: =F6-F5 -> 0.0056757626 | N6: =(K6+$AC$21*D6*E6)^2 -> 3.9811584e-05 | O6: =(L6-$AC$21*D6*E6+$AC$20*E6)^2 -> 4.0066593e-07 | P6: =(M6-$AC$20*E6)^2 -> 3.2214281e-05 | Q6: =(1 - SUM(D6:F6))^2 -> 4.786075e-08 | S6: w12S | T6: 0.52078131 | Y6: f13S Predicted | Z6: D2 | AA6: =$T$5*C4+$T$6 | AC6: MSE +DINN | AD6: W4 | AE6: =_xlfn.FORMULATEXT(W5) -> =SUM(W3:W4)
A7: 3 | B7: =$T$4*A7+$T$5 -> 1.5821145 | C7: =TANH(B7) -> 0.91893147 | D7: =$T$6*C7+$T$7 -> 0.95240193 | E7: =$T$8*C7+$T$9 -> 0.15404988 | F7: =$T$10*C7+$T$11 -> -0.10623413 | G7: 0.99110329 | H7: 0.0015165638 | I7: 0.0024789689 | J7: =SUM((D7-G7)^2,(E7-H7)^2,(F7-I7)^2) -> 0.036582746 | K7: =D7-D6 -> -0.0076602289 | L7: =E7-E6 -> 0.00076847231 | M7: =F7-F6 -> 0.0068906667 | N7: =(K7+$AC$21*D7*E7)^2 -> 5.8679107e-05 | O7: =(L7-$AC$21*D7*E7+$AC$20*E7)^2 -> 5.905497e-07 | P7: =(M7-$AC$20*E7)^2 -> 4.7481287e-05 | Q7: =(1 - SUM(D7:F7))^2 -> 4.7385052e-08 | S7: b12S | T7: 0.4738396 | Y7: f13I Predicted | Z7: E2 | AA7: =$T$7*C4+$T$8
A8: 4 | B8: =$T$4*A8+$T$5 -> 1.4781919 | C8: =TANH(B8) -> 0.90112868 | D8: =$T$6*C8+$T$7 -> 0.94313057 | E8: =$T$8*C8+$T$9 -> 0.15497998 | F8: =$T$10*C8+$T$11 -> -0.09789419 | G8: 0.99855053 | H8: 0.0020051112 | I8: 0.0038636349 | J8: =SUM((D8-G8)^2,(E8-H8)^2,(F8-I8)^2) -> 0.036827338 | K8: =D8-D7 -> -0.0092713614 | L8: =E8-E7 -> 0.00093010073 | M8: =F8-F7 -> 0.0083399415 | N8: =(K8+$AC$21*D8*E8)^2 -> 8.5958142e-05 | O8: =(L8-$AC$21*D8*E8+$AC$20*E8)^2 -> 8.6508737e-07 | P8: =(M8-$AC$20*E8)^2 -> 6.9554624e-05 | Q8: =(1 - SUM(D8:F8))^2 -> 4.6812479e-08 | S8: w12I | T8: -0.052244655 | Y8: f12R Predicted | Z8: F2 | AA8: =$T$9*C4+$T$10
A9: 5 | B9: =$T$4*A9+$T$5 -> 1.3742693 | C9: =TANH(B9) -> 0.87966154 | D9: =$T$6*C9+$T$7 -> 0.93195088 | E9: =$T$8*C9+$T$9 -> 0.15610152 | F9: =$T$10*C9+$T$11 -> -0.087837636 | G9: 0.99334815 | H9: 0.0057859344 | I9: -0.0046798608 | J9: =SUM((D9-G9)^2,(E9-H9)^2,(F9-I9)^2) -> 0.033279617 | K9: =D9-D8 -> -0.011179688 | L9: =E9-E8 -> 0.0011215436 | M9: =F9-F8 -> 0.010056554 | N9: =(K9+$AC$21*D9*E9)^2 -> 0.00012498543 | O9: =(L9-$AC$21*D9*E9+$AC$20*E9)^2 -> 1.2578601e-06 | P9: =(M9-$AC$20*E9)^2 -> 0.00010113428 | Q9: =(1 - SUM(D9:F9))^2 -> 4.6126683e-08 | S9: b12I | T9: 0.20205914 | Y9: MSE | Z9: J2 | AA9: =SUM((D4-G4)^2,(E4-H4)^2,(F4-I4)^2)
A10: 6 | B10: =$T$4*A10+$T$5 -> 1.2703468 | C10: =TANH(B10) -> 0.85389161 | D10: =$T$6*C10+$T$7 -> 0.91853039 | E10: =$T$8*C10+$T$9 -> 0.15744787 | F10: =$T$10*C10+$T$11 -> -0.075765392 | G10: 0.98283074 | H10: 0.012651331 | I10: 0.0030346095 | J10: =SUM((D10-G10)^2,(E10-H10)^2,(F10-I10)^2) -> 0.031310012 | K10: =D10-D9 -> -0.013420495 | L10: =E10-E9 -> 0.0013463408 | M10: =F10-F9 -> 0.012072244 | N10: =(K10+$AC$21*D10*E10)^2 -> 0.00018010968 | O10: =(L10-$AC$21*D10*E10+$AC$20*E10)^2 -> 1.8126335e-06 | P10: =(M10-$AC$20*E10)^2 -> 0.00014573908 | Q10: =(1 - SUM(D10:F10))^2 -> 4.5310113e-08 | S10: w12R | T10: -0.46846255 | Y10: dS/dt | Z10: K2 | AA10: =D4-D3
A11: 7 | B11: =$T$4*A11+$T$5 -> 1.1664242 | C11: =TANH(B11) -> 0.82312247 | D11: =$T$6*C11+$T$7 -> 0.9025064 | E11: =$T$8*C11+$T$9 -> 0.15905539 | F11: =$T$10*C11+$T$11 -> -0.061351203 | G11: 0.97539399 | H11: 0.020354 | I11: 0.007466831 | J11: =SUM((D11-G11)^2,(E11-H11)^2,(F11-I11)^2) -> 0.029286598 | K11: =D11-D10 -> -0.016023992 | L11: =E11-E10 -> 0.001607523 | M11: =F11-F10 -> 0.014414189 | N11: =(K11+$AC$21*D11*E11)^2 -> 0.00025676831 | O11: =(L11-$AC$21*D11*E11+$AC$20*E11)^2 -> 2.5841301e-06 | P11: =(M11-$AC$20*E11)^2 -> 0.00020776884 | Q11: =(1 - SUM(D11:F11))^2 -> 4.4344685e-08 | S11: b12R | T11: 0.32425085 | Y11: dI/dt | Z11: L2 | AA11: =E4-E3
A12: 8 | B12: =$T$4*A12+$T$5 -> 1.0625016 | C12: =TANH(B12) -> 0.78661943 | D12: =$T$6*C12+$T$7 -> 0.8834963 | E12: =$T$8*C12+$T$9 -> 0.16096248 | F12: =$T$10*C12+$T$11 -> -0.044250896 | G12: 0.96249141 | H12: 0.033533967 | I12: 0.0091761695 | J12: =SUM((D12-G12)^2,(E12-H12)^2,(F12-I12)^2) -> 0.025332704 | K12: =D12-D11 -> -0.019010101 | L12: =E12-E11 -> 0.0019070887 | M12: =F12-F11 -> 0.017100308 | N12: =(K12+$AC$21*D12*E12)^2 -> 0.00036138394 | O12: =(L12-$AC$21*D12*E12+$AC$20*E12)^2 -> 3.6369875e-06 | P12: =(M12-$AC$20*E12)^2 -> 0.00029242052 | Q12: =(1 - SUM(D12:F12))^2 -> 4.3212829e-08 | S12: sigma | T12: 0.088233629 | Y12: dR/dt | Z12: M2 | AA12: =F4-F3
A13: 9 | B13: =$T$4*A13+$T$5 -> 0.95857906 | C13: =TANH(B13) -> 0.74364238 | D13: =$T$6*C13+$T$7 -> 0.86111465 | E13: =$T$8*C13+$T$9 -> 0.1632078 | F13: =$T$10*C13+$T$11 -> -0.024117757 | G13: 0.94450237 | H13: 0.047496166 | I13: 0.007522534 | J13: =SUM((D13-G13)^2,(E13-H13)^2,(F13-I13)^2) -> 0.021343802 | K13: =D13-D12 -> -0.022381645 | L13: =E13-E12 -> 0.0022453212 | M13: =F13-F12 -> 0.020133139 | N13: =(K13+$AC$21*D13*E13)^2 -> 0.00050093802 | O13: =(L13-$AC$21*D13*E13+$AC$20*E13)^2 -> 5.0414673e-06 | P13: =(M13-$AC$20*E13)^2 -> 0.00040534329 | Q13: =(1 - SUM(D13:F13))^2 -> 4.1898988e-08 | S13: beta | T13: 0.60703771 | Y13: E1 | Z13: N2 | AA13: =(K4+$AC$20*D4*E4)^2
A14: 10 | B14: =$T$4*A14+$T$5 -> 0.85465648 | C14: =TANH(B14) -> 0.6934943 | D14: =$T$6*C14+$T$7 -> 0.83499847 | E14: =$T$8*C14+$T$9 -> 0.16582777 | F14: =$T$10*C14+$T$11 -> -0.0006252596 | G14: 0.91819898 | H14: 0.067597221 | I14: 0.0032927993 | J14: =SUM((D14-G14)^2,(E14-H14)^2,(F14-I14)^2) -> 0.016586917 | K14: =D14-D13 -> -0.026116182 | L14: =E14-E13 -> 0.0026199691 | M14: =F14-F13 -> 0.023492497 | N14: =(K14+$AC$21*D14*E14)^2 -> 0.00068205496 | O14: =(L14-$AC$21*D14*E14+$AC$20*E14)^2 -> 6.8642378e-06 | P14: =(M14-$AC$20*E14)^2 -> 0.00055189741 | Q14: =(1 - SUM(D14:F14))^2 -> 4.0391564e-08 | Y14: E2 | Z14: O2 | AA14: =(L4-$AC$20*D4*E4+$AC$19*E4)^2
A15: 11 | B15: =$T$4*A15+$T$5 -> 0.75073391 | C15: =TANH(B15) -> 0.63558659 | D15: =$T$6*C15+$T$7 -> 0.80484121 | E15: =$T$8*C15+$T$9 -> 0.16885314 | F15: =$T$10*C15+$T$11 -> 0.026502336 | G15: 0.89021614 | H15: 0.095969398 | I15: 0.019651499 | J15: =SUM((D15-G15)^2,(E15-H15)^2,(F15-I15)^2) -> 0.012647851 | K15: =D15-D14 -> -0.030157255 | L15: =E15-E14 -> 0.0030253685 | M15: =F15-F14 -> 0.027127596 | N15: =(K15+$AC$21*D15*E15)^2 -> 0.00090946003 | O15: =(L15-$AC$21*D15*E15+$AC$20*E15)^2 -> 9.1528548e-06 | P15: =(M15-$AC$20*E15)^2 -> 0.00073590644 | Q15: =(1 - SUM(D15:F15))^2 -> 3.8685246e-08 | Y15: E3 | Z15: P2 | AA15: =(M4-$AC$19*E4)^2
A16: 12 | B16: =$T$4*A16+$T$5 -> 0.64681134 | C16: =TANH(B16) -> 0.56951947 | D16: =$T$6*C16+$T$7 -> 0.77043469 | E16: =$T$8*C16+$T$9 -> 0.17230479 | F16: =$T$10*C16+$T$11 -> 0.057452309 | G16: 0.83105635 | H16: 0.13982037 | I16: 0.024532806 | J16: =SUM((D16-G16)^2,(E16-H16)^2,(F16-I16)^2) -> 0.0058139163 | K16: =D16-D15 -> -0.034406522 | L16: =E16-E15 -> 0.003451654 | M16: =F16-F15 -> 0.030949973 | N16: =(K16+$AC$21*D16*E16)^2 -> 0.0011838088 | O16: =(L16-$AC$21*D16*E16+$AC$20*E16)^2 -> 1.1913915e-05 | P16: =(M16-$AC$20*E16)^2 -> 0.00095790081 | Q16: =(1 - SUM(D16:F16))^2 -> 3.6783474e-08 | Y16: E4 | Z16: Q2 | AA16: =(1 - SUM(D4:F4))^2
A17: 13 | B17: =$T$4*A17+$T$5 -> 0.54288877 | C17: =TANH(B17) -> 0.49517154 | D17: =$T$6*C17+$T$7 -> 0.73171568 | E17: =$T$8*C17+$T$9 -> 0.17618907 | F17: =$T$10*C17+$T$11 -> 0.092281529 | G17: 0.77338802 | H17: 0.1957633 | I17: 0.038447975 | J17: =SUM((D17-G17)^2,(E17-H17)^2,(F17-I17)^2) -> 0.0050177859 | K17: =D17-D16 -> -0.038719011 | L17: =E17-E16 -> 0.0038842818 | M17: =F17-F16 -> 0.03482922 | N17: =(K17+$AC$21*D17*E17)^2 -> 0.0014991618 | O17: =(L17-$AC$21*D17*E17+$AC$20*E17)^2 -> 1.5087645e-05 | P17: =(M17-$AC$20*E17)^2 -> 0.0012130746 | Q17: =(1 - SUM(D17:F17))^2 -> 3.4700653e-08
A18: 14 | B18: =$T$4*A18+$T$5 -> 0.43896619 | C18: =TANH(B18) -> 0.41278716 | D18: =$T$6*C18+$T$7 -> 0.68881143 | E18: =$T$8*C18+$T$9 -> 0.18049322 | F18: =$T$10*C18+$T$11 -> 0.13087553 | G18: 0.68790871 | H18: 0.25894601 | I18: 0.063388111 | J18: =SUM((D18-G18)^2,(E18-H18)^2,(F18-I18)^2) -> 0.010710208 | K18: =D18-D17 -> -0.042904247 | L18: =E18-E17 -> 0.0043041437 | M18: =F18-F17 -> 0.038593999 | N18: =(K18+$AC$21*D18*E18)^2 -> 0.0018407744 | O18: =(L18-$AC$21*D18*E18+$AC$20*E18)^2 -> 1.8525653e-05 | P18: =(M18-$AC$20*E18)^2 -> 0.0014894968 | Q18: =(1 - SUM(D18:F18))^2 -> 3.2463591e-08
A19: 15 | B19: =$T$4*A19+$T$5 -> 0.33504362 | C19: =TANH(B19) -> 0.32304539 | D19: =$T$6*C19+$T$7 -> 0.6420756 | E19: =$T$8*C19+$T$9 -> 0.18518174 | F19: =$T$10*C19+$T$11 -> 0.17291619 | G19: 0.59497832 | H19: 0.33076846 | I19: 0.073720662 | J19: =SUM((D19-G19)^2,(E19-H19)^2,(F19-I19)^2) -> 0.033253397 | K19: =D19-D18 -> -0.046735835 | L19: =E19-E18 -> 0.0046885277 | M19: =F19-F18 -> 0.042040658 | N19: =(K19+$AC$21*D19*E19)^2 -> 0.0021842383 | O19: =(L19-$AC$21*D19*E19+$AC$20*E19)^2 -> 2.1982292e-05 | P19: =(M19-$AC$20*E19)^2 -> 0.0017674169 | Q19: =(1 - SUM(D19:F19))^2 -> 3.011156e-08
A20: 16 | B20: =$T$4*A20+$T$5 -> 0.23112105 | C20: =TANH(B20) -> 0.22709186 | D20: =$T$6*C20+$T$7 -> 0.59210479 | E20: =$T$8*C20+$T$9 -> 0.1901948 | F20: =$T$10*C20+$T$11 -> 0.21786682 | G20: 0.48898601 | H20: 0.4078998 | I20: 0.099755418 | J20: =SUM((D20-G20)^2,(E20-H20)^2,(F20-I20)^2) -> 0.071979255 | K20: =D20-D19 -> -0.049970805 | L20: =E20-E19 -> 0.005013059 | M20: =F20-F19 -> 0.044950636 | N20: =(K20+$AC$21*D20*E20)^2 -> 0.0024970813 | O20: =(L20-$AC$21*D20*E20+$AC$20*E20)^2 -> 2.5130761e-05 | P20: =(M20-$AC$20*E20)^2 -> 0.0020205596 | Q20: =(1 - SUM(D20:F20))^2 -> 2.7694557e-08
A21: 17 | B21: =$T$4*A21+$T$5 -> 0.12719848 | C21: =TANH(B21) -> 0.12651689 | D21: =$T$6*C21+$T$7 -> 0.53972723 | E21: =$T$8*C21+$T$9 -> 0.19544931 | F21: =$T$10*C21+$T$11 -> 0.26498243 | G21: 0.39651124 | H21: 0.47372643 | I21: 0.13353312 | J21: =SUM((D21-G21)^2,(E21-H21)^2,(F21-I21)^2) -> 0.1152279 | K21: =D21-D20 -> -0.052377565 | L21: =E21-E20 -> 0.0052545047 | M21: =F21-F20 -> 0.047115608 | N21: =(K21+$AC$21*D21*E21)^2 -> 0.0027434093 | O21: =(L21-$AC$21*D21*E21+$AC$20*E21)^2 -> 2.7609819e-05 | P21: =(M21-$AC$20*E21)^2 -> 0.0022198805 | Q21: =(1 - SUM(D21:F21))^2 -> 2.526967e-08
A22: 18 | B22: =$T$4*A22+$T$5 -> 0.023275903 | C22: =TANH(B22) -> 0.023271701 | D22: =$T$6*C22+$T$7 -> 0.48595907 | E22: =$T$8*C22+$T$9 -> 0.20084332 | F22: =$T$10*C22+$T$11 -> 0.31334893 | G22: 0.31251276 | H22: 0.52750319 | I22: 0.17173201 | J22: =SUM((D22-G22)^2,(E22-H22)^2,(F22-I22)^2) -> 0.15684565 | K22: =D22-D21 -> -0.053768162 | L22: =E22-E21 -> 0.0053940091 | M22: =F22-F21 -> 0.048366503 | N22: =(K22+$AC$21*D22*E22)^2 -> 0.0028910153 | O22: =(L22-$AC$21*D22*E22+$AC$20*E22)^2 -> 2.9095334e-05 | P22: =(M22-$AC$20*E22)^2 -> 0.0023393186 | Q22: =(1 - SUM(D22:F22))^2 -> 2.2895943e-08
A23: 19 | B23: =$T$4*A23+$T$5 -> -0.080646669 | C23: =TANH(B23) -> -0.080472284 | D23: =$T$6*C23+$T$7 -> 0.43193114 | E23: =$T$8*C23+$T$9 -> 0.20626338 | F23: =$T$10*C23+$T$11 -> 0.3619491 | G23: 0.23552071 | H23: 0.55793615 | I23: 0.20873749 | J23: =SUM((D23-G23)^2,(E23-H23)^2,(F23-I23)^2) -> 0.18572459 | K23: =D23-D22 -> -0.054027928 | L23: =E23-E22 -> 0.0054200687 | M23: =F23-F22 -> 0.048600172 | N23: =(K23+$AC$21*D23*E23)^2 -> 0.002919017 | O23: =(L23-$AC$21*D23*E23+$AC$20*E23)^2 -> 2.9377144e-05 | P23: =(M23-$AC$20*E23)^2 -> 0.0023619767 | Q23: =(1 - SUM(D23:F23))^2 -> 2.0628653e-08
A24: 20 | B24: =$T$4*A24+$T$5 -> -0.18456924 | C24: =TANH(B24) -> -0.18250158 | D24: =$T$6*C24+$T$7 -> 0.37879619 | E24: =$T$8*C24+$T$9 -> 0.21159387 | F24: =$T$10*C24+$T$11 -> 0.40974601 | G24: 0.18802497 | H24: 0.57727762 | I24: 0.24586794 | J24: =SUM((D24-G24)^2,(E24-H24)^2,(F24-I24)^2) -> 0.19697428 | K24: =D24-D23 -> -0.053134949 | L24: =E24-E23 -> 0.0053304853 | M24: =F24-F23 -> 0.047796904 | N24: =(K24+$AC$21*D24*E24)^2 -> 0.0028233228 | O24: =(L24-$AC$21*D24*E24+$AC$20*E24)^2 -> 2.8414073e-05 | P24: =(M24-$AC$20*E24)^2 -> 0.002284544 | Q24: =(1 - SUM(D24:F24))^2 -> 1.8514111e-08
A25: 21 | B25: =$T$4*A25+$T$5 -> -0.28849181 | C25: =TANH(B25) -> -0.28074609 | D25: =$T$6*C25+$T$7 -> 0.32763228 | E25: =$T$8*C25+$T$9 -> 0.21672662 | F25: =$T$10*C25+$T$11 -> 0.45576988 | G25: 0.1379074 | H25: 0.57947853 | I25: 0.28965693 | J25: =SUM((D25-G25)^2,(E25-H25)^2,(F25-I25)^2) -> 0.19517799 | K25: =D25-D24 -> -0.051163904 | L25: =E25-E24 -> 0.0051327505 | M25: =F25-F24 -> 0.046023874 | N25: =(K25+$AC$21*D25*E25)^2 -> 0.0026177451 | O25: =(L25-$AC$21*D25*E25+$AC$20*E25)^2 -> 2.6345128e-05 | P25: =(M25-$AC$20*E25)^2 -> 0.002118197 | Q25: =(1 - SUM(D25:F25))^2 -> 1.658604e-08
A26: 22 | B26: =$T$4*A26+$T$5 -> -0.39241439 | C26: =TANH(B26) -> -0.37343978 | D26: =$T$6*C26+$T$7 -> 0.27935914 | E26: =$T$8*C26+$T$9 -> 0.22156937 | F26: =$T$10*C26+$T$11 -> 0.49919341 | G26: 0.099076318 | H26: 0.57261055 | I26: 0.33141839 | J26: =SUM((D26-G26)^2,(E26-H26)^2,(F26-I26)^2) -> 0.18388027 | K26: =D26-D25 -> -0.048273143 | L26: =E26-E25 -> 0.00484275 | M26: =F26-F25 -> 0.043423524 | N26: =(K26+$AC$21*D26*E26)^2 -> 0.0023302963 | O26: =(L26-$AC$21*D26*E26+$AC$20*E26)^2 -> 2.3452228e-05 | P26: =(M26-$AC$20*E26)^2 -> 0.0018856025 | Q26: =(1 - SUM(D26:F26))^2 -> 1.4864082e-08
A27: 23 | B27: =$T$4*A27+$T$5 -> -0.49633696 | C27: =TANH(B27) -> -0.4592315 | D27: =$T$6*C27+$T$7 -> 0.23468042 | E27: =$T$8*C27+$T$9 -> 0.22605153 | F27: =$T$10*C27+$T$11 -> 0.53938361 | G27: 0.076771549 | H27: 0.55462506 | I27: 0.37486334 | J27: =SUM((D27-G27)^2,(E27-H27)^2,(F27-I27)^2) -> 0.15996269 | K27: =D27-D26 -> -0.044678721 | L27: =E27-E26 -> 0.0044821585 | M27: =F27-F26 -> 0.040190205 | N27: =(K27+$AC$21*D27*E27)^2 -> 0.0019961881 | O27: =(L27-$AC$21*D27*E27+$AC$20*E27)^2 -> 2.0089744e-05 | P27: =(M27-$AC$20*E27)^2 -> 0.0016152526 | Q27: =(1 - SUM(D27:F27))^2 -> 1.3354415e-08
A28: 24 | B28: =$T$4*A28+$T$5 -> -0.60025953 | C28: =TANH(B28) -> -0.53723422 | D28: =$T$6*C28+$T$7 -> 0.19405806 | E28: =$T$8*C28+$T$9 -> 0.23012675 | F28: =$T$10*C28+$T$11 -> 0.57592497 | G28: 0.055033185 | H28: 0.53385373 | I28: 0.41205954 | J28: =SUM((D28-G28)^2,(E28-H28)^2,(F28-I28)^2) -> 0.13842987 | K28: =D28-D27 -> -0.04062236 | L28: =E28-E27 -> 0.0040752253 | M28: =F28-F27 -> 0.036541355 | N28: =(K28+$AC$21*D28*E28)^2 -> 0.0016501761 | O28: =(L28-$AC$21*D28*E28+$AC$20*E28)^2 -> 1.6607462e-05 | P28: =(M28-$AC$20*E28)^2 -> 0.0013352706 | Q28: =(1 - SUM(D28:F28))^2 -> 1.2051961e-08
... A63: 59 | B63: =$T$4*A63+$T$5 -> -4.2375496 | C63: =TANH(B63) -> -0.99958289 | D63: =$T$6*C63+$T$7 -> -0.046724485 | E63: =$T$8*C63+$T$9 -> 0.254282 | F63: =$T$10*C63+$T$11 -> 0.79251801 | G63: -0.00010788248 | H63: 0.053596926 | I63: 0.94100736 | J63: =SUM((D63-G63)^2,(E63-H63)^2,(F63-I63)^2) -> 0.064496696 | K63: =D63-D62 -> -5.0170546e-05 | L63: =E63-E62 -> 5.033097e-06 | M63: =F63-F62 -> 4.513031e-05 | N63: =(K63+$AC$21*D63*E63)^2 -> 2.5170836e-09 | O63: =(L63-$AC$21*D63*E63+$AC$20*E63)^2 -> 2.5332066e-11 | P63: =(M63-$AC$20*E63)^2 -> 2.0367449e-09 | Q63: =(1 - SUM(D63:F63))^2 -> 5.7035862e-09

Sheet Estimation with 2 Neurons
A1: Day | B1: f11 | C1: f12 | D1: f13S Predicted | E1: f13I Predicted | F1: f13R Predicted | G1: f21 | H1: f22 | I1: f23S Predicted | J1: f23I Predicted | K1: f23R Predicted | L1: S Pred | M1: I Pred | N1: R Pred | O1: S Real | P1: I Real | Q1: R Real | R1: MSE | S1: dS/dt | T1: dI/dt | U1: dR/dt | V1: E1 | W1: E2 | X1: E3 | Y1: E4 | AA1: Parameter | AB1: Value | AD1: MSE | AE1: =AVERAGE(R2:R61) -> 0.0049430427
A2: 0 | B2: =$AB$2*A2+$AB$3 -> 6.260022 | C2: =1/(1+EXP(-B2)) -> 0.99809244 | D2: =$AB$4*C2+$AB$5 -> 2.0849886 | E2: =$AB$6*C2+$AB$7 -> 1.9761976 | F2: =$AB$6*C2+$AB$7 -> 1.9761976 | G2: =$AB$10*A2+$AB$11 -> -4.2053171 | H2: =TANH(G2) -> -0.99955512 | I2: =$AB$12*H2+$AB$13 -> -1.0818186 | J2: =$AB$14*H2+$AB$15 -> -1.9082433 | K2: =$AB$16*H2+$AB$17 -> -2.0490433 | L2: =SUM(D2,I2) -> 1.0031701 | M2: =SUM(E2,J2) -> 0.067954357 | N2: =SUM(F2,K2) -> -0.072845646 | O2: 0.99916903 | P2: -0.00051644142 | Q2: 0.0012964653 | R2: =SUM((L2-O2)^2, (M2-P2)^2, (N2-Q2)^2) -> 0.010201311 | Y2: =(1 - SUM(L2:N2))^2 -> 2.9626095e-06 | AA2: w11 | AB2: -0.39494341 | AC2: -0.45404349 | AD2: DINN | AE2: =AVERAGE(V3:Y61) -> 0.00013353749 | AG2: -0.81594455 | AH2: -0.81595504 | AI2: -0.81595505 | AK2: 0.096250868 | AL2: -0.39494341
A3: 1 | B3: =$AB$2*A3+$AB$3 -> 5.8650786 | C3: =1/(1+EXP(-B3)) -> 0.99717122 | D3: =$AB$4*C3+$AB$5 -> 2.0840799 | E3: =$AB$6*C3+$AB$7 -> 1.9766537 | F3: =$AB$6*C3+$AB$7 -> 1.9766537 | G3: =$AB$10*A3+$AB$11 -> -4.0796166 | H3: =TANH(G3) -> -0.999428 | I3: =$AB$12*H3+$AB$13 -> -1.0818197 | J3: =$AB$14*H3+$AB$15 -> -1.9082735 | K3: =$AB$16*H3+$AB$17 -> -2.0490121 | L3: =SUM(D3,I3) -> 1.0022603 | M3: =SUM(E3,J3) -> 0.068380263 | N3: =SUM(F3,K3) -> -0.072358419 | O3: 0.98960194 | P3: 0.0021639113 | Q3: 0.002694591 | R3: =SUM((L3-O3)^2, (M3-P3)^2, (N3-Q3)^2) -> 0.010177793 | S3: =L3-L2 -> -0.00090979123 | T3: =M3-M2 -> 0.00042590608 | U3: =N3-N2 -> 0.00048722767 | V3: =(S3+$AB$19*L3*M3)^2 -> 0.00070618444 | W3: =(T3-$AB$19*L3*M3+$AB$18*M3)^2 -> 0.00052638626 | X3: =(U3-$AB$18*M3)^2 -> 1.3160056e-05 | Y3: =(1 - SUM(L3:N3))^2 -> 2.9511142e-06 | AA3: b11 | AB3: 6.260022 | AC3: 7.3372783 | AD3: MSE + DINN | AE3: =SUM(AE1:AE2) -> 0.0050765802 | AG3: 4.608809 | AH3: 4.6089104 | AI3: 4.6089105 | AK3: 0.26378507 | AL3: 6.260022
A4: 2 | B4: =$AB$2*A4+$AB$3 -> 5.4701352 | C4: =1/(1+EXP(-B4)) -> 0.99580699 | D4: =$AB$4*C4+$AB$5 -> 2.0827342 | E4: =$AB$6*C4+$AB$7 -> 1.9773292 | F4: =$AB$6*C4+$AB$7 -> 1.9773292 | G4: =$AB$10*A4+$AB$11 -> -3.953916 | H4: =TANH(G4) -> -0.99926457 | I4: =$AB$12*H4+$AB$13 -> -1.081821 | J4: =$AB$14*H4+$AB$15 -> -1.9083123 | K4: =$AB$16*H4+$AB$17 -> -2.0489721 | L4: =SUM(D4,I4) -> 1.0009132 | M4: =SUM(E4,J4) -> 0.069016882 | N4: =SUM(F4,K4) -> -0.071642962 | O4: 1.0027007 | P4: 0.0033100596 | Q4: -0.0047185297 | R4: =SUM((L4-O4)^2, (M4-P4)^2, (N4-Q4)^2) -> 0.0087994613 | S4: =L4-L3 -> -0.001347099 | T4: =M4-M3 -> 0.00063661917 | U4: =N4-N3 -> 0.0007154566 | V4: =(S4+$AB$19*L4*M4)^2 -> 0.00069460786 | W4: =(T4-$AB$19*L4*M4+$AB$18*M4)^2 -> 0.00052499079 | X4: =(U4-$AB$18*M4)^2 -> 1.1818194e-05 | Y4: =(1 - SUM(L4:N4))^2 -> 2.9340399e-06 | AA4: w12S | AB4: 0.98641727 | AC4: 0.94514754 | AG4: 0.5885249 | AH4: 0.58852571 | AI4: 0.5885257 | AK4: -3.0687112 | AL4: 0.98641727
A5: 3 | B5: =$AB$2*A5+$AB$3 -> 5.0751918 | C5: =1/(1+EXP(-B5)) -> 0.99378893 | D5: =$AB$4*C5+$AB$5 -> 2.0807436 | E5: =$AB$6*C5+$AB$7 -> 1.9783283 | F5: =$AB$6*C5+$AB$7 -> 1.9783283 | G5: =$AB$10*A5+$AB$11 -> -3.8282154 | H5: =TANH(G5) -> -0.99905446 | I5: =$AB$12*H5+$AB$13 -> -1.0818228 | J5: =$AB$14*H5+$AB$15 -> -1.9083622 | K5: =$AB$16*H5+$AB$17 -> -2.0489207 | L5: =SUM(D5,I5) -> 0.99892073 | M5: =SUM(E5,J5) -> 0.069966127 | N5: =SUM(F5,K5) -> -0.070592365 | O5: 0.99110329 | P5: 0.0015165638 | Q5: 0.0024789689 | R5: =SUM((L5-O5)^2, (M5-P5)^2, (N5-Q5)^2) -> 0.010085875 | S5: =L5-L4 -> -0.0019924466 | T5: =M5-M4 -> 0.00094924532 | U5: =N5-N4 -> 0.0010505976 | V5: =(S5+$AB$19*L5*M5)^2 -> 0.00067783048 | W5: =(T5-$AB$19*L5*M5+$AB$18*M5)^2 -> 0.00052294725 | X5: =(U5-$AB$18*M5)^2 -> 9.9839667e-06 | Y5: =(1 - SUM(L5:N5))^2 -> 2.9087564e-06 | AA5: b12S | AB5: 1.100453 | AC5: 0.02705399 | AG5: 0.034650897 | AH5: 4.4431052 | AI5: 5.1488981 | AK5: 2.4363582 | AL5: 1.100453
A6: 4 | B6: =$AB$2*A6+$AB$3 -> 4.6802484 | C6: =1/(1+EXP(-B6)) -> 0.99080856 | D6: =$AB$4*C6+$AB$5 -> 2.0778037 | E6: =$AB$6*C6+$AB$7 -> 1.9798039 | F6: =$AB$6*C6+$AB$7 -> 1.9798039 | G6: =$AB$10*A6+$AB$11 -> -3.7025148 | H6: =TANH(G6) -> -0.99878437 | I6: =$AB$12*H6+$AB$13 -> -1.0818252 | J6: =$AB$14*H6+$AB$15 -> -1.9084263 | K6: =$AB$16*H6+$AB$17 -> -2.0488545 | L6: =SUM(D6,I6) -> 0.99597853 | M6: =SUM(E6,J6) -> 0.071377566 | N6: =SUM(F6,K6) -> -0.069050636 | O6: 0.99855053 | P6: 0.0020051112 | Q6: 0.0038636349 | R6: =SUM((L6-O6)^2, (M6-P6)^2, (N6-Q6)^2) -> 0.010135644 | S6: =L6-L5 -> -0.0029422008 | T6: =M6-M5 -> 0.0014114387 | U6: =N6-N5 -> 0.0015417287 | V6: =(S6+$AB$19*L6*M6)^2 -> 0.00065365167 | W6: =(T6-$AB$19*L6*M6+$AB$18*M6)^2 -> 0.00051993574 | X6: =(U6-$AB$18*M6)^2 -> 7.5820171e-06 | Y6: =(1 - SUM(L6:N6))^2 -> 2.8714693e-06 | AA6: w12I | AB6: -0.49509747 | AC6: -0.44212351 | AG6: -0.29426305 | AH6: -0.29426285 | AI6: -0.29426285 | AK6: 1.5528743 | AL6: -0.49509747
A7: 5 | B7: =$AB$2*A7+$AB$3 -> 4.285305 | C7: =1/(1+EXP(-B7)) -> 0.9864176 | D7: =$AB$4*C7+$AB$5 -> 2.0734724 | E7: =$AB$6*C7+$AB$7 -> 1.9819778 | F7: =$AB$6*C7+$AB$7 -> 1.9819778 | G7: =$AB$10*A7+$AB$11 -> -3.5768143 | H7: =TANH(G7) -> -0.99843718 | I7: =$AB$12*H7+$AB$13 -> -1.0818281 | J7: =$AB$14*H7+$AB$15 -> -1.9085087 | K7: =$AB$16*H7+$AB$17 -> -2.0487695 | L7: =SUM(D7,I7) -> 0.99164425 | M7: =SUM(E7,J7) -> 0.073469074 | N7: =SUM(F7,K7) -> -0.066791649 | O7: 0.99334815 | P7: 0.0057859344 | Q7: -0.0046798608 | R7: =SUM((L7-O7)^2, (M7-P7)^2, (N7-Q7)^2) -> 0.0084417849 | S7: =L7-L6 -> -0.0043342829 | T7: =M7-M6 -> 0.0020915082 | U7: =N7-N6 -> 0.0022589867 | V7: =(S7+$AB$19*L7*M7)^2 -> 0.00061912373 | W7: =(T7-$AB$19*L7*M7+$AB$18*M7)^2 -> 0.00051546419 | X7: =(U7-$AB$18*M7)^2 -> 4.6748866e-06 | Y7: =(1 - SUM(L7:N7))^2 -> 2.8167885e-06 | AA7: b12I | AB7: 2.4703507 | AC7: -0.014636965 | AG7: -0.015774041 | AH7: 0.53568174 | AI7: -1.180035 | AK7: -1.0271785 | AL7: 2.4703507
A8: 6 | B8: =$AB$2*A8+$AB$3 -> 3.8903616 | C8: =1/(1+EXP(-B8)) -> 0.97997139 | D8: =$AB$4*C8+$AB$5 -> 2.0671137 | E8: =$AB$6*C8+$AB$7 -> 1.9851693 | F8: =$AB$6*C8+$AB$7 -> 1.9851693 | G8: =$AB$10*A8+$AB$11 -> -3.4511137 | H8: =TANH(G8) -> -0.99799093 | I8: =$AB$12*H8+$AB$13 -> -1.0818319 | J8: =$AB$14*H8+$AB$15 -> -1.9086147 | K8: =$AB$16*H8+$AB$17 -> -2.0486602 | L8: =SUM(D8,I8) -> 0.98528178 | M8: =SUM(E8,J8) -> 0.076554611 | N8: =SUM(F8,K8) -> -0.063490849 | O8: 0.98283074 | P8: 0.012651331 | Q8: 0.0030346095 | R8: =SUM((L8-O8)^2, (M8-P8)^2, (N8-Q8)^2) -> 0.0085152735 | S8: =L8-L7 -> -0.0063624684 | T8: =M8-M7 -> 0.0030855372 | U8: =N8-N7 -> 0.0033008 | V8: =(S8+$AB$19*L8*M8)^2 -> 0.00057052717 | W8: =(T8-$AB$19*L8*M8+$AB$18*M8)^2 -> 0.00050876541 | X8: =(U8-$AB$18*M8)^2 -> 1.7056704e-06 | Y8: =(1 - SUM(L8:N8))^2 -> 2.7372386e-06 | AA8: w12R | AB8: -8.2452273 | AC8: -0.065841424 | AG8: -0.065841424 | AH8: -6.7527747 | AI8: -4.4753202 | AK8: -4.604625 | AL8: -8.2452273
A9: 7 | B9: =$AB$2*A9+$AB$3 -> 3.4954182 | C9: =1/(1+EXP(-B9)) -> 0.97055712 | D9: =$AB$4*C9+$AB$5 -> 2.0578273 | E9: =$AB$6*C9+$AB$7 -> 1.9898303 | F9: =$AB$6*C9+$AB$7 -> 1.9898303 | G9: =$AB$10*A9+$AB$11 -> -3.3254131 | H9: =TANH(G9) -> -0.99741743 | I9: =$AB$12*H9+$AB$13 -> -1.0818368 | J9: =$AB$14*H9+$AB$15 -> -1.9087509 | K9: =$AB$16*H9+$AB$17 -> -2.0485197 | L9: =SUM(D9,I9) -> 0.97599048 | M9: =SUM(E9,J9) -> 0.081079408 | N9: =SUM(F9,K9) -> -0.058689403 | O9: 0.97539399 | P9: 0.020354 | Q9: 0.007466831 | R9: =SUM((L9-O9)^2, (M9-P9)^2, (N9-Q9)^2) -> 0.0080645783 | S9: =L9-L8 -> -0.0092912987 | T9: =M9-M8 -> 0.0045247965 | U9: =N9-N8 -> 0.0048014457 | V9: =(S9+$AB$19*L9*M9)^2 -> 0.00050367077 | W9: =(T9-$AB$19*L9*M9+$AB$18*M9)^2 -> 0.00049862943 | X9: =(U9-$AB$18*M9)^2 -> 6.0303495e-09 | Y9: =(1 - SUM(L9:N9))^2 -> 2.6228345e-06 | AA9: b12R | AB9: -5.0808451 | AC9: 0.58028762 | AG9: 0.58028762 | AH9: -2.8684425 | AI9: 2.9661801 | AK9: -10 | AL9: -5.0808451
A10: 8 | B10: =$AB$2*A10+$AB$3 -> 3.1004747 | C10: =1/(1+EXP(-B10)) -> 0.95691232 | D10: =$AB$4*C10+$AB$5 -> 2.0443679 | E10: =$AB$6*C10+$AB$7 -> 1.9965858 | F10: =$AB$6*C10+$AB$7 -> 1.9965858 | G10: =$AB$10*A10+$AB$11 -> -3.1997126 | H10: =TANH(G10) -> -0.99668049 | I10: =$AB$12*H10+$AB$13 -> -1.0818431 | J10: =$AB$14*H10+$AB$15 -> -1.9089259 | K10: =$AB$16*H10+$AB$17 -> -2.0483392 | L10: =SUM(D10,I10) -> 0.96252472 | M10: =SUM(E10,J10) -> 0.087659918 | N10: =SUM(F10,K10) -> -0.051753404 | O10: 0.96249141 | P10: 0.033533967 | Q10: 0.0091761695 | R10: =SUM((L10-O10)^2, (M10-P10)^2, (N10-Q10)^2) -> 0.0066420325 | S10: =L10-L9 -> -0.013465762 | T10: =M10-M9 -> 0.0065805104 | U10: =N10-N9 -> 0.0069359997 | V10: =(S10+$AB$19*L10*M10)^2 -> 0.00041495093 | W10: =(T10-$AB$19*L10*M10+$AB$18*M10)^2 -> 0.00048314241 | X10: =(U10-$AB$18*M10)^2 -> 2.7586038e-06 | Y10: =(1 - SUM(L10:N10))^2 -> 2.4610348e-06 | AA10: w21 | AB10: 0.12570057 | AC10: -0.13593674 | AG10: -0.58090039 | AH10: 0.58088392 | AI10: -0.58088391 | AK10: 0.60166307 | AL10: 0.12570057
A11: 9 | B11: =$AB$2*A11+$AB$3 -> 2.7055313 | C11: =1/(1+EXP(-B11)) -> 0.93735225 | D11: =$AB$4*C11+$AB$5 -> 2.0250735 | E11: =$AB$6*C11+$AB$7 -> 2.0062699 | F11: =$AB$6*C11+$AB$7 -> 2.0062699 | G11: =$AB$10*A11+$AB$11 -> -3.074012 | H11: =TANH(G11) -> -0.99573372 | I11: =$AB$12*H11+$AB$13 -> -1.0818512 | J11: =$AB$14*H11+$AB$15 -> -1.9091507 | K11: =$AB$16*H11+$AB$17 -> -2.0481073 | L11: =SUM(D11,I11) -> 0.94322223 | M11: =SUM(E11,J11) -> 0.09711924 | N11: =SUM(F11,K11) -> -0.041837369 | O11: 0.94450237 | P11: 0.047496166 | Q11: 0.007522534 | R11: =SUM((L11-O11)^2, (M11-P11)^2, (N11-Q11)^2) -> 0.0049004883 | S11: =L11-L10 -> -0.019302489 | T11: =M11-M10 -> 0.0094593221 | U11: =N11-N10 -> 0.0099160342 | V11: =(S11+$AB$19*L11*M11)^2 -> 0.00030391216 | W11: =(T11-$AB$19*L11*M11+$AB$18*M11)^2 -> 0.00045932704 | X11: =(U11-$AB$18*M11)^2 -> 1.6578798e-05 | Y11: =(1 - SUM(L11:N11))^2 -> 2.2377212e-06 | AA11: b21 | AB11: -4.2053171 | AC11: 4.6279142 | AG11: 5.5920934 | AH11: -5.5919597 | AI11: 5.5919596 | AK11: -5.5989051 | AL11: -4.2053171
A12: 10 | B12: =$AB$2*A12+$AB$3 -> 2.3105879 | C12: =1/(1+EXP(-B12)) -> 0.90975014 | D12: =$AB$4*C12+$AB$5 -> 1.9978463 | E12: =$AB$6*C12+$AB$7 -> 2.0199357 | F12: =$AB$6*C12+$AB$7 -> 2.0199357 | G12: =$AB$10*A12+$AB$11 -> -2.9483114 | H12: =TANH(G12) -> -0.99451765 | I12: =$AB$12*H12+$AB$13 -> -1.0818616 | J12: =$AB$14*H12+$AB$15 -> -1.9094395 | K12: =$AB$16*H12+$AB$17 -> -2.0478095 | L12: =SUM(D12,I12) -> 0.91598464 | M12: =SUM(E12,J12) -> 0.11049621 | N12: =SUM(F12,K12) -> -0.027873788 | O12: 0.91819898 | P12: 0.067597221 | Q12: 0.0032927993 | R12: =SUM((L12-O12)^2, (M12-P12)^2, (N12-Q12)^2) -> 0.0028165823 | S12: =L12-L11 -> -0.027237591 | T12: =M12-M11 -> 0.013376965 | U12: =N12-N11 -> 0.013963581 | V12: =(S12+$AB$19*L12*M12)^2 -> 0.00017824672 | W12: =(T12-$AB$19*L12*M12+$AB$18*M12)^2 -> 0.00042280499 | X12: =(U12-$AB$18*M12)^2 -> 5.3498561e-05 | Y12: =(1 - SUM(L12:N12))^2 -> 1.9402975e-06 | AA12: w22S | AB12: -0.0085469138 | AC12: 0.011933844 | AG12: 0.20632935 | AH12: -0.20632844 | AI12: 0.20632845 | AK12: -0.15991348 | AL12: -0.0085469138
A13: 11 | B13: =$AB$2*A13+$AB$3 -> 1.9156445 | C13: =1/(1+EXP(-B13)) -> 0.87165195 | D13: =$AB$4*C13+$AB$5 -> 1.9602655 | E13: =$AB$6*C13+$AB$7 -> 2.038798 | F13: =$AB$6*C13+$AB$7 -> 2.038798 | G13: =$AB$10*A13+$AB$11 -> -2.8226109 | H13: =TANH(G13) -> -0.99295617 | I13: =$AB$12*H13+$AB$13 -> -1.081875 | J13: =$AB$14*H13+$AB$15 -> -1.9098103 | K13: =$AB$16*H13+$AB$17 -> -2.047427 | L13: =SUM(D13,I13) -> 0.87839058 | M13: =SUM(E13,J13) -> 0.12898773 | N13: =SUM(F13,K13) -> -0.0086290262 | O13: 0.89021614 | P13: 0.095969398 | Q13: 0.019651499 | R13: =SUM((L13-O13)^2, (M13-P13)^2, (N13-Q13)^2) -> 0.0020298423 | S13: =L13-L12 -> -0.037594055 | T13: =M13-M12 -> 0.018491526 | U13: =N13-N12 -> 0.019244762 | V13: =(S13+$AB$19*L13*M13)^2 -> 6.1501707e-05 | W13: =(T13-$AB$19*L13*M13+$AB$18*M13)^2 -> 0.00036797827 | X13: =(U13-$AB$18*M13)^2 -> 0.00013185217 | Y13: =(1 - SUM(L13:N13))^2 -> 1.5642826e-06 | AA13: b22S | AB13: -1.0903617 | AC13: -0.014264623 | AG13: 0.18716743 | AH13: -4.2212898 | AI13: -4.9270827 | AK13: 0.23252847 | AL13: -1.0903617
A14: 12 | B14: =$AB$2*A14+$AB$3 -> 1.5207011 | C14: =1/(1+EXP(-B14)) -> 0.8206417 | D14: =$AB$4*C14+$AB$5 -> 1.9099482 | E14: =$AB$6*C14+$AB$7 -> 2.064053 | F14: =$AB$6*C14+$AB$7 -> 2.064053 | G14: =$AB$10*A14+$AB$11 -> -2.6969103 | H14: =TANH(G14) -> -0.99095197 | I14: =$AB$12*H14+$AB$13 -> -1.0818921 | J14: =$AB$14*H14+$AB$15 -> -1.9102862 | K14: =$AB$16*H14+$AB$17 -> -2.0469361 | L14: =SUM(D14,I14) -> 0.82805606 | M14: =SUM(E14,J14) -> 0.15376686 | N14: =SUM(F14,K14) -> 0.017116902 | O14: 0.83105635 | P14: 0.13982037 | Q14: 0.024532806 | R14: =SUM((L14-O14)^2, (M14-P14)^2, (N14-Q14)^2) -> 0.00025850191 | S14: =L14-L13 -> -0.050334526 | T14: =M14-M13 -> 0.024779129 | U14: =N14-N13 -> 0.025745928 | V14: =(S14+$AB$19*L14*M14)^2 -> 5.2786632e-07 | W14: =(T14-$AB$19*L14*M14+$AB$18*M14)^2 -> 0.00028997799 | X14: =(U14-$AB$18*M14)^2 -> 0.00027201006 | Y14: =(1 - SUM(L14:N14))^2 -> 1.123985e-06 | AA14: w22I | AB14: -0.23746059 | AC14: 0.21749991 | AG14: 0.1618883 | AH14: -0.16189221 | AI14: 0.16189221 | AK14: -0.17904175 | AL14: -0.23746059
A15: 13 | B15: =$AB$2*A15+$AB$3 -> 1.1257577 | C15: =1/(1+EXP(-B15)) -> 0.75505514 | D15: =$AB$4*C15+$AB$5 -> 1.8452524 | E15: =$AB$6*C15+$AB$7 -> 2.0965248 | F15: =$AB$6*C15+$AB$7 -> 2.0965248 | G15: =$AB$10*A15+$AB$11 -> -2.5712097 | H15: =TANH(G15) -> -0.98838083 | I15: =$AB$12*H15+$AB$13 -> -1.0819141 | J15: =$AB$14*H15+$AB$15 -> -1.9108967 | K15: =$AB$16*H15+$AB$17 -> -2.0463064 | L15: =SUM(D15,I15) -> 0.76333837 | M15: =SUM(E15,J15) -> 0.18562805 | N15: =SUM(F15,K15) -> 0.050218375 | O15: 0.77338802 | P15: 0.1957633 | Q15: 0.038447975 | R15: =SUM((L15-O15)^2, (M15-P15)^2, (N15-Q15)^2) -> 0.00034226105 | S15: =L15-L14 -> -0.064717683 | T15: =M15-M14 -> 0.031861192 | U15: =N15-N14 -> 0.033101473 | V15: =(S15+$AB$19*L15*M15)^2 -> 6.2317816e-05 | W15: =(T15-$AB$19*L15*M15+$AB$18*M15)^2 -> 0.00019021434 | X15: =(U15-$AB$18*M15)^2 -> 0.00048096732 | Y15: =(1 - SUM(L15:N15))^2 -> 6.6455001e-07 | AA15: b22I | AB15: -2.1455982 | AC15: 0.32240452 | AG15: 0.18845639 | AH15: -0.36300164 | AI15: 1.3527151 | AK15: -0.023778177 | AL15: -2.1455982
... A17: 15 | B17: =$AB$2*A17+$AB$3 -> 0.33587085 | C17: =1/(1+EXP(-B17)) -> 0.58318716 | D17: =$AB$4*C17+$AB$5 -> 1.6757189 | E17: =$AB$6*C17+$AB$7 -> 2.1816162 | F17: =$AB$6*C17+$AB$7 -> 2.1816162 | G17: =$AB$10*A17+$AB$11 -> -2.3198086 | H17: =TANH(G17) -> -0.98086211 | I17: =$AB$12*H17+$AB$13 -> -1.0819783 | J17: =$AB$14*H17+$AB$15 -> -1.9126821 | K17: =$AB$16*H17+$AB$17 -> -2.0444649 | L17: =SUM(D17,I17) -> 0.59374056 | M17: =SUM(E17,J17) -> 0.26893406 | N17: =SUM(F17,K17) -> 0.13715131 | O17: 0.59497832 | P17: 0.33076846 | Q17: 0.073720662 | R17: =SUM((L17-O17)^2, (M17-P17)^2, (N17-Q17)^2) -> 0.0078484718 | S17: =L17-L16 -> -0.090586014 | T17: =M17-M16 -> 0.04444569 | U17: =N17-N16 -> 0.046482532 | V17: =(S17+$AB$19*L17*M17)^2 -> 0.00070501476 | W17: =(T17-$AB$19*L17*M17+$AB$18*M17)^2 -> 1.1591386e-05 | X17: =(U17-$AB$18*M17)^2 -> 0.0009180255 | Y17: =(1 - SUM(L17:N17))^2 -> 3.0301871e-08 | AA17: b22R | AB17: -1.8042265 | AC17: 0.69072401 | AG17: 0.62127378 | AH17: 0.069822778 | AI17: 1.7855396 | AK17: 0.38177655 | AL17: -1.8042265
A18: 16 | B18: =$AB$2*A18+$AB$3 -> -0.059072558 | C18: =1/(1+EXP(-B18)) -> 0.48523615 | D18: =$AB$4*C18+$AB$5 -> 1.5790983 | E18: =$AB$6*C18+$AB$7 -> 2.2301115 | F18: =$AB$6*C18+$AB$7 -> 2.2301115 | G18: =$AB$10*A18+$AB$11 -> -2.194108 | H18: =TANH(G18) -> -0.97545912 | I18: =$AB$12*H18+$AB$13 -> -1.0820245 | J18: =$AB$14*H18+$AB$15 -> -1.9139651 | K18: =$AB$16*H18+$AB$17 -> -2.0431415 | L18: =SUM(D18,I18) -> 0.49707382 | M18: =SUM(E18,J18) -> 0.31614636 | N18: =SUM(F18,K18) -> 0.18696993 | O18: 0.48898601 | P18: 0.4078998 | Q18: 0.099755418 | R18: =SUM((L18-O18)^2, (M18-P18)^2, (N18-Q18)^2) -> 0.016090479 | S18: =L18-L17 -> -0.09666674 | T18: =M18-M17 -> 0.047212298 | U18: =N18-N17 -> 0.049818623 | V18: =(S18+$AB$19*L18*M18)^2 -> 0.0011321217 | W18: =(T18-$AB$19*L18*M18+$AB$18*M18)^2 -> 1.0350739e-05 | X18: =(U18-$AB$18*M18)^2 -> 0.00094826673 | Y18: =(1 - SUM(L18:N18))^2 -> 3.6140402e-08 | AA18: omega | AB18: 0.060176821 | AC18: 0.068694641 | AK18: 6.0761652 | AL18: 0.060176821
A19: 17 | B19: =$AB$2*A19+$AB$3 -> -0.45401597 | C19: =1/(1+EXP(-B19)) -> 0.38840636 | D19: =$AB$4*C19+$AB$5 -> 1.4835838 | E19: =$AB$6*C19+$AB$7 -> 2.2780517 | F19: =$AB$6*C19+$AB$7 -> 2.2780517 | G19: =$AB$10*A19+$AB$11 -> -2.0684074 | H19: =TANH(G19) -> -0.96855499 | I19: =$AB$12*H19+$AB$13 -> -1.0820835 | J19: =$AB$14*H19+$AB$15 -> -1.9156046 | K19: =$AB$16*H19+$AB$17 -> -2.0414505 | L19: =SUM(D19,I19) -> 0.40150023 | M19: =SUM(E19,J19) -> 0.36244708 | N19: =SUM(F19,K19) -> 0.23660112 | O19: 0.39651124 | P19: 0.47372643 | Q19: 0.13353312 | R19: =SUM((L19-O19)^2, (M19-P19)^2, (N19-Q19)^2) -> 0.023030994 | S19: =L19-L18 -> -0.095573591 | T19: =M19-M18 -> 0.046300727 | U19: =N19-N18 -> 0.049631185 | V19: =(S19+$AB$19*L19*M19)^2 -> 0.0013850259 | W19: =(T19-$AB$19*L19*M19+$AB$18*M19)^2 -> 9.5140228e-05 | X19: =(U19-$AB$18*M19)^2 -> 0.00077396752 | Y19: =(1 - SUM(L19:N19))^2 -> 3.0077263e-07 | AA19: beta | AB19: 0.40102129 | AC19: 0.44557095 | AK19: -0.5615669 | AL19: 0.40102129
A20: 18 | B20: =$AB$2*A20+$AB$3 -> -0.84895938 | C20: =1/(1+EXP(-B20)) -> 0.2996512 | D20: =$AB$4*C20+$AB$5 -> 1.3960341 | E20: =$AB$6*C20+$AB$7 -> 2.3219941 | F20: =$AB$6*C20+$AB$7 -> 2.3219941 | G20: =$AB$10*A20+$AB$11 -> -1.9427069 | H20: =TANH(G20) -> -0.95974809 | I20: =$AB$12*H20+$AB$13 -> -1.0821588 | J20: =$AB$14*H20+$AB$15 -> -1.9176959 | K20: =$AB$16*H20+$AB$17 -> -2.0392935 | L20: =SUM(D20,I20) -> 0.31387533 | M20: =SUM(E20,J20) -> 0.40429825 | N20: =SUM(F20,K20) -> 0.28270061 | O20: 0.31251276 | P20: 0.52750319 | Q20: 0.17173201 | R20: =SUM((L20-O20)^2, (M20-P20)^2, (N20-Q20)^2) -> 0.027495347 | S20: =L20-L19 -> -0.087624897 | T20: =M20-M19 -> 0.041851163 | U20: =N20-N19 -> 0.046099493 | V20: =(S20+$AB$19*L20*M20)^2 -> 0.0013495041 | W20: =(T20-$AB$19*L20*M20+$AB$18*M20)^2 -> 0.00023382223 | X20: =(U20-$AB$18*M20)^2 -> 0.00047393769 | Y20: =(1 - SUM(L20:N20))^2 -> 7.642027e-07
A21: 19 | B21: =$AB$2*A21+$AB$3 -> -1.2439028 | C21: =1/(1+EXP(-B21)) -> 0.22375738 | D21: =$AB$4*C21+$AB$5 -> 1.3211712 | E21: =$AB$6*C21+$AB$7 -> 2.359569 | F21: =$AB$6*C21+$AB$7 -> 2.359569 | G21: =$AB$10*A21+$AB$11 -> -1.8170063 | H21: =TANH(G21) -> -0.94853909 | I21: =$AB$12*H21+$AB$13 -> -1.0822546 | J21: =$AB$14*H21+$AB$15 -> -1.9203576 | K21: =$AB$16*H21+$AB$17 -> -2.0365481 | L21: =SUM(D21,I21) -> 0.23891656 | M21: =SUM(E21,J21) -> 0.43921139 | N21: =SUM(F21,K21) -> 0.32302082 | O21: 0.23552071 | P21: 0.55793615 | Q21: 0.20873749 | R21: =SUM((L21-O21)^2, (M21-P21)^2, (N21-Q21)^2) -> 0.02716778 | S21: =L21-L20 -> -0.074958775 | T21: =M21-M20 -> 0.03491314 | U21: =N21-N20 -> 0.04032021 | V21: =(S21+$AB$19*L21*M21)^2 -> 0.0010809404 | W21: =(T21-$AB$19*L21*M21+$AB$18*M21)^2 -> 0.0003710388 | X21: =(U21-$AB$18*M21)^2 -> 0.00019292835 | Y21: =(1 - SUM(L21:N21))^2 -> 1.319654e-06
A22: 20 | B22: =$AB$2*A22+$AB$3 -> -1.6388462 | C22: =1/(1+EXP(-B22)) -> 0.16262212 | D22: =$AB$4*C22+$AB$5 -> 1.2608663 | E22: =$AB$6*C22+$AB$7 -> 2.3898369 | F22: =$AB$6*C22+$AB$7 -> 2.3898369 | G22: =$AB$10*A22+$AB$11 -> -1.6913057 | H22: =TANH(G22) -> -0.93431332 | I22: =$AB$12*H22+$AB$13 -> -1.0823762 | J22: =$AB$14*H22+$AB$15 -> -1.9237356 | K22: =$AB$16*H22+$AB$17 -> -2.0330639 | L22: =SUM(D22,I22) -> 0.1784901 | M22: =SUM(E22,J22) -> 0.46610124 | N22: =SUM(F22,K22) -> 0.35677299 | O22: 0.18802497 | P22: 0.57727762 | Q22: 0.24586794 | R22: =SUM((L22-O22)^2, (M22-P22)^2, (N22-Q22)^2) -> 0.024751032 | S22: =L22-L21 -> -0.060426461 | T22: =M22-M21 -> 0.026889852 | U22: =N22-N21 -> 0.033752167 | V22: =(S22+$AB$19*L22*M22)^2 -> 0.00073244457 | W22: =(T22-$AB$19*L22*M22+$AB$18*M22)^2 -> 0.00046550632 | X22: =(U22-$AB$18*M22)^2 -> 3.2531925e-05 | Y22: =(1 - SUM(L22:N22))^2 -> 1.8613708e-06
A23: 21 | B23: =$AB$2*A23+$AB$3 -> -2.0337896 | C23: =1/(1+EXP(-B23)) -> 0.11570063 | D23: =$AB$4*C23+$AB$5 -> 1.2145821 | E23: =$AB$6*C23+$AB$7 -> 2.4130676 | F23: =$AB$6*C23+$AB$7 -> 2.4130676 | G23: =$AB$10*A23+$AB$11 -> -1.5656052 | H23: =TANH(G23) -> -0.91632388 | I23: =$AB$12*H23+$AB$13 -> -1.0825299 | J23: =$AB$14*H23+$AB$15 -> -1.9280074 | K23: =$AB$16*H23+$AB$17 -> -2.0286578 | L23: =SUM(D23,I23) -> 0.13205217 | M23: =SUM(E23,J23) -> 0.48506017 | N23: =SUM(F23,K23) -> 0.38440978 | O23: 0.1379074 | P23: 0.57947853 | Q23: 0.28965693 | R23: =SUM((L23-O23)^2, (M23-P23)^2, (N23-Q23)^2) -> 0.017927212 | S23: =L23-L22 -> -0.046437927 | T23: =M23-M22 -> 0.01895893 | U23: =N23-N22 -> 0.027636789 | V23: =(S23+$AB$19*L23*M23)^2 -> 0.00043061275 | W23: =(T23-$AB$19*L23*M23+$AB$18*M23)^2 -> 0.00050452317 | X23: =(U23-$AB$18*M23)^2 -> 2.4105356e-06 | Y23: =(1 - SUM(L23:N23))^2 -> 2.316828e-06 | AK23: Real | AL23: Predicted | AM23: % Error
A24: 22 | B24: =$AB$2*A24+$AB$3 -> -2.428733 | C24: =1/(1+EXP(-B24)) -> 0.081007737 | D24: =$AB$4*C24+$AB$5 -> 1.1803604 | E24: =$AB$6*C24+$AB$7 -> 2.4302439 | F24: =$AB$6*C24+$AB$7 -> 2.4302439 | G24: =$AB$10*A24+$AB$11 -> -1.4399046 | H24: =TANH(G24) -> -0.89367852 | I24: =$AB$12*H24+$AB$13 -> -1.0827235 | J24: =$AB$14*H24+$AB$15 -> -1.9333848 | K24: =$AB$16*H24+$AB$17 -> -2.0231114 | L24: =SUM(D24,I24) -> 0.097636957 | M24: =SUM(E24,J24) -> 0.49685915 | N24: =SUM(F24,K24) -> 0.40713257 | O24: 0.099076318 | P24: 0.57261055 | Q24: 0.33141839 | R24: =SUM((L24-O24)^2, (M24-P24)^2, (N24-Q24)^2) -> 0.011472984 | S24: =L24-L23 -> -0.034415213 | T24: =M24-M23 -> 0.011798981 | U24: =N24-N23 -> 0.022722791 | V24: =(S24+$AB$19*L24*M24)^2 -> 0.00022382978 | W24: =(T24-$AB$19*L24*M24+$AB$18*M24)^2 -> 0.00049480064 | X24: =(U24-$AB$18*M24)^2 -> 5.1503771e-05 | Y24: =(1 - SUM(L24:N24))^2 -> 2.6525758e-06 | AJ24: omega | AK24: 0.071 | AL24: 0.068694641 | AM24: =ABS(AL24-AK24)/AK24 -> 0.032469848
A25: 23 | B25: =$AB$2*A25+$AB$3 -> -2.8236764 | C25: =1/(1+EXP(-B25)) -> 0.056058075 | D25: =$AB$4*C25+$AB$5 -> 1.1557497 | E25: =$AB$6*C25+$AB$7 -> 2.4425965 | F25: =$AB$6*C25+$AB$7 -> 2.4425965 | G25: =$AB$10*A25+$AB$11 -> -1.314204 | H25: =TANH(G25) -> -0.86533529 | I25: =$AB$12*H25+$AB$13 -> -1.0829657 | J25: =$AB$14*H25+$AB$15 -> -1.9401152 | K25: =$AB$16*H25+$AB$17 -> -2.0161694 | L25: =SUM(D25,I25) -> 0.072783932 | M25: =SUM(E25,J25) -> 0.50248126 | N25: =SUM(F25,K25) -> 0.42642707 | O25: 0.076771549 | P25: 0.55462506 | Q25: 0.37486334 | R25: =SUM((L25-O25)^2, (M25-P25)^2, (N25-Q25)^2) -> 0.005393694 | S25: =L25-L24 -> -0.024853025 | T25: =M25-M24 -> 0.0056221149 | U25: =N25-N24 -> 0.0192945 | V25: =(S25+$AB$19*L25*M25)^2 -> 0.00010376782 | W25: =(T25-$AB$19*L25*M25+$AB$18*M25)^2 -> 0.00044916292 | X25: =(U25-$AB$18*M25)^2 -> 0.00011975418 | Y25: =(1 - SUM(L25:N25))^2 -> 2.8637522e-06 | AJ25: beta | AK25: 0.5 | AL25: 0.44557095 | AM25: =ABS(AL25-AK25)/AK25 -> 0.10885809
A26: 24 | B26: =$AB$2*A26+$AB$3 -> -3.2186199 | C26: =1/(1+EXP(-B26)) -> 0.038471006 | D26: =$AB$4*C26+$AB$5 -> 1.1384015 | E26: =$AB$6*C26+$AB$7 -> 2.4513038 | F26: =$AB$6*C26+$AB$7 -> 2.4513038 | G26: =$AB$10*A26+$AB$11 -> -1.1885035 | H26: =TANH(G26) -> -0.83011415 | I26: =$AB$12*H26+$AB$13 -> -1.0832668 | J26: =$AB$14*H26+$AB$15 -> -1.9484788 | K26: =$AB$16*H26+$AB$17 -> -2.0075428 | L26: =SUM(D26,I26) -> 0.055134711 | M26: =SUM(E26,J26) -> 0.50282495 | N26: =SUM(F26,K26) -> 0.44376094 | O26: 0.055033185 | P26: 0.53385373 | Q26: 0.41205954 | R26: =SUM((L26-O26)^2, (M26-P26)^2, (N26-Q26)^2) -> 0.0019677746 | S26: =L26-L25 -> -0.01764922 | T26: =M26-M25 -> 0.00034368116 | U26: =N26-N25 -> 0.017333875 | V26: =(S26+$AB$19*L26*M26)^2 -> 4.2662632e-05 | W26: =(T26-$AB$19*L26*M26+$AB$18*M26)^2 -> 0.00037964697 | X26: =(U26-$AB$18*M26)^2 -> 0.00016704353 | Y26: =(1 - SUM(L26:N26))^2 -> 2.9604573e-06
A27: 25 | B27: =$AB$2*A27+$AB$3 -> -3.6135633 | C27: =1/(1+EXP(-B27)) -> 0.026248092 | D27: =$AB$4*C27+$AB$5 -> 1.1263446 | E27: =$AB$6*C27+$AB$7 -> 2.4573553 | F27: =$AB$6*C27+$AB$7 -> 2.4573553 | G27: =$AB$10*A27+$AB$11 -> -1.0628029 | H27: =TANH(G27) -> -0.78673425 | I27: =$AB$12*H27+$AB$13 -> -1.0836375 | J27: =$AB$14*H27+$AB$15 -> -1.9587798 | K27: =$AB$16*H27+$AB$17 -> -1.996918 | L27: =SUM(D27,I27) -> 0.042707053 | M27: =SUM(E27,J27) -> 0.49857546 | N27: =SUM(F27,K27) -> 0.46043733 | O27: 0.041882891 | P27: 0.51004857 | Q27: 0.44388223 | R27: =SUM((L27-O27)^2, (M27-P27)^2, (N27-Q27)^2) -> 0.00040638252 | S27: =L27-L26 -> -0.012427658 | T27: =M27-M26 -> -0.0042494831 | U27: =N27-N26 -> 0.016676386 | V27: =(S27+$AB$19*L27*M27)^2 -> 1.5123049e-05 | W27: =(T27-$AB$19*L27*M27+$AB$18*M27)^2 -> 0.00029633494 | X27: =(U27-$AB$18*M27)^2 -> 0.00017759028 | Y27: =(1 - SUM(L27:N27))^2 -> 2.9578608e-06
A28: 26 | B28: =$AB$2*A28+$AB$3 -> -4.0085067 | C28: =1/(1+EXP(-B28)) -> 0.017836573 | D28: =$AB$4*C28+$AB$5 -> 1.1180473 | E28: =$AB$6*C28+$AB$7 -> 2.4615198 | F28: =$AB$6*C28+$AB$7 -> 2.4615198 | G28: =$AB$10*A28+$AB$11 -> -0.93710231 | H28: =TANH(G28) -> -0.73388808 | I28: =$AB$12*H28+$AB$13 -> -1.0840892 | J28: =$AB$14*H28+$AB$15 -> -1.9713287 | K28: =$AB$16*H28+$AB$17 -> -1.9839746 | L28: =SUM(D28,I28) -> 0.033958115 | M28: =SUM(E28,J28) -> 0.4901911 | N28: =SUM(F28,K28) -> 0.47754524 | O28: 0.026899077 | P28: 0.48054749 | Q28: 0.48772295 | R28: =SUM((L28-O28)^2, (M28-P28)^2, (N28-Q28)^2) -> 0.00024641524 | S28: =L28-L27 -> -0.0087489386 | T28: =M28-M27 -> -0.0083843627 | U28: =N28-N27 -> 0.017107908 | V28: =(S28+$AB$19*L28*M28)^2 -> 4.299618e-06 | W28: =(T28-$AB$19*L28*M28+$AB$18*M28)^2 -> 0.00020846719 | X28: =(U28-$AB$18*M28)^2 -> 0.00015351791 | Y28: =(1 - SUM(L28:N28))^2 -> 2.8711599e-06
A29: 27 | B29: =$AB$2*A29+$AB$3 -> -4.4034501 | C29: =1/(1+EXP(-B29)) -> 0.012087168 | D29: =$AB$4*C29+$AB$5 -> 1.112376 | E29: =$AB$6*C29+$AB$7 -> 2.4643663 | F29: =$AB$6*C29+$AB$7 -> 2.4643663 | G29: =$AB$10*A29+$AB$11 -> -0.81140174 | H29: =TANH(G29) -> -0.6703628 | I29: =$AB$12*H29+$AB$13 -> -1.0846321 | J29: =$AB$14*H29+$AB$15 -> -1.9864135 | K29: =$AB$16*H29+$AB$17 -> -1.9684156 | L29: =SUM(D29,I29) -> 0.027743857 | M29: =SUM(E29,J29) -> 0.47795287 | N29: =SUM(F29,K29) -> 0.49595072 | O29: 0.028643067 | P29: 0.45621581 | Q29: 0.51359202 | R29: =SUM((L29-O29)^2, (M29-P29)^2, (N29-Q29)^2) -> 0.00078452351 | S29: =L29-L28 -> -0.0062142581 | T29: =M29-M28 -> -0.012238233 | U29: =N29-N28 -> 0.018405488 | V29: =(S29+$AB$19*L29*M29)^2 -> 8.0391522e-07 | W29: =(T29-$AB$19*L29*M29+$AB$18*M29)^2 -> 0.0001255701 | X29: =(U29-$AB$18*M29)^2 -> 0.0001072508 | Y29: =(1 - SUM(L29:N29))^2 -> 2.7140814e-06
A30: 28 | B30: =$AB$2*A30+$AB$3 -> -4.7983935 | C30: =1/(1+EXP(-B30)) -> 0.0081755875 | D30: =$AB$4*C30+$AB$5 -> 1.1085176 | E30: =$AB$6*C30+$AB$7 -> 2.466303 | F30: =$AB$6*C30+$AB$7 -> 2.466303 | G30: =$AB$10*A30+$AB$11 -> -0.68570117 | H30: =TANH(G30) -> -0.59521326 | I30: =$AB$12*H30+$AB$13 -> -1.0852744 | J30: =$AB$14*H30+$AB$15 -> -2.0042585 | K30: =$AB$16*H30+$AB$17 -> -1.9500096 | L30: =SUM(D30,I30) -> 0.02324311 | M30: =SUM(E30,J30) -> 0.46204442 | N30: =SUM(F30,K30) -> 0.51629339 | O30: 0.018585383 | P30: 0.43462183 | Q30: 0.54771314 | R30: =SUM((L30-O30)^2, (M30-P30)^2, (N30-Q30)^2) -> 0.001760894 | S30: =L30-L29 -> -0.004500747 | T30: =M30-M29 -> -0.015908442 | U30: =N30-N29 -> 0.020342668 | V30: =(S30+$AB$19*L30*M30)^2 -> 3.7651258e-08 | W30: =(T30-$AB$19*L30*M30+$AB$18*M30)^2 -> 5.7596186e-05 | X30: =(U30-$AB$18*M30)^2 -> 5.5676915e-05 | Y30: =(1 - SUM(L30:N30))^2 -> 2.4993277e-06
A31: 29 | B31: =$AB$2*A31+$AB$3 -> -5.1933369 | C31: =1/(1+EXP(-B31)) -> 0.0055227741 | D31: =$AB$4*C31+$AB$5 -> 1.1059008 | E31: =$AB$6*C31+$AB$7 -> 2.4676164 | F31: =$AB$6*C31+$AB$7 -> 2.4676164 | G31: =$AB$10*A31+$AB$11 -> -0.5600006 | H31: =TANH(G31) -> -0.50797788 | I31: =$AB$12*H31+$AB$13 -> -1.08602 | J31: =$AB$14*H31+$AB$15 -> -2.0249735 | K31: =$AB$16*H31+$AB$17 -> -1.9286434 | L31: =SUM(D31,I31) -> 0.019880735 | M31: =SUM(E31,J31) -> 0.44264286 | N31: =SUM(F31,K31) -> 0.53897298 | O31: 0.016441051 | P31: 0.40770547 | Q31: 0.57331042 | R31: =SUM((L31-O31)^2, (M31-P31)^2, (N31-Q31)^2) -> 0.0024115126 | S31: =L31-L30 -> -0.0033623743 | T31: =M31-M30 -> -0.019401563 | U31: =N31-N30 -> 0.022679587 | V31: =(S31+$AB$19*L31*M31)^2 -> 2.7768679e-08 | W31: =(T31-$AB$19*L31*M31+$AB$18*M31)^2 -> 1.373639e-05 | X31: =(U31-$AB$18*M31)^2 -> 1.5659855e-05 | Y31: =(1 - SUM(L31:N31))^2 -> 2.2397391e-06
A32: 30 | B32: =$AB$2*A32+$AB$3 -> -5.5882803 | C32: =1/(1+EXP(-B32)) -> 0.0037275101 | D32: =$AB$4*C32+$AB$5 -> 1.1041299 | E32: =$AB$6*C32+$AB$7 -> 2.4685052 | F32: =$AB$6*C32+$AB$7 -> 2.4685052 | G32: =$AB$10*A32+$AB$11 -> -0.43430003 | H32: =TANH(G32) -> -0.40890863 | I32: =$AB$12*H32+$AB$13 -> -1.0868668 | J32: =$AB$14*H32+$AB$15 -> -2.0484985 | K32: =$AB$16*H32+$AB$17 -> -1.9043788 | L32: =SUM(D32,I32) -> 0.01726312 | M32: =SUM(E32,J32) -> 0.42000665 | N32: =SUM(F32,K32) -> 0.56412641 | O32: 0.016927266 | P32: 0.38076373 | Q32: 0.60213874 | R32: =SUM((L32-O32)^2, (M32-P32)^2, (N32-Q32)^2) -> 0.0029850572 | S32: =L32-L31 -> -0.0026176157 | T32: =M32-M31 -> -0.022636211 | U32: =N32-N31 -> 0.025153435 | V32: =(S32+$AB$19*L32*M32)^2 -> 8.4122814e-08 | W32: =(T32-$AB$19*L32*M32+$AB$18*M32)^2 -> 7.2469019e-08 | X32: =(U32-$AB$18*M32)^2 -> 1.469685e-08 | Y32: =(1 - SUM(L32:N32))^2 -> 1.9493293e-06
A33: 31 | B33: =$AB$2*A33+$AB$3 -> -5.9832237 | C33: =1/(1+EXP(-B33)) -> 0.0025143493 | D33: =$AB$4*C33+$AB$5 -> 1.1029332 | E33: =$AB$6*C33+$AB$7 -> 2.4691058 | F33: =$AB$6*C33+$AB$7 -> 2.4691058 | G33: =$AB$10*A33+$AB$11 -> -0.30859946 | H33: =TANH(G33) -> -0.29916244 | I33: =$AB$12*H33+$AB$13 -> -1.0878048 | J33: =$AB$14*H33+$AB$15 -> -2.0745589 | K33: =$AB$16*H33+$AB$17 -> -1.8774991 | L33: =SUM(D33,I33) -> 0.015128446 | M33: =SUM(E33,J33) -> 0.39454689 | N33: =SUM(F33,K33) -> 0.59160671 | O33: 0.0055360201 | P33: 0.35516466 | Q33: 0.62492175 | R33: =SUM((L33-O33)^2, (M33-P33)^2, (N33-Q33)^2) -> 0.0027528669 | S33: =L33-L32 -> -0.0021346741 | T33: =M33-M32 -> -0.025459763 | U33: =N33-N32 -> 0.027480296 | V33: =(S33+$AB$19*L33*M33)^2 -> 6.7067706e-08 | W33: =(T33-$AB$19*L33*M33+$AB$18*M33)^2 -> 1.6898956e-05 | X33: =(U33-$AB$18*M33)^2 -> 1.3970539e-05 | Y33: =(1 - SUM(L33:N33))^2 -> 1.643633e-06
A34: 32 | B34: =$AB$2*A34+$AB$3 -> -6.3781672 | C34: =1/(1+EXP(-B34)) -> 0.0016953536 | D34: =$AB$4*C34+$AB$5 -> 1.1021253 | E34: =$AB$6*C34+$AB$7 -> 2.4695113 | F34: =$AB$6*C34+$AB$7 -> 2.4695113 | G34: =$AB$10*A34+$AB$11 -> -0.18289889 | H34: =TANH(G34) -> -0.18088637 | I34: =$AB$12*H34+$AB$13 -> -1.0888157 | J34: =$AB$14*H34+$AB$15 -> -2.1026448 | K34: =$AB$16*H34+$AB$17 -> -1.8485303 | L34: =SUM(D34,I34) -> 0.013309679 | M34: =SUM(E34,J34) -> 0.36686647 | N34: =SUM(F34,K34) -> 0.62098104 | O34: 0.0055516744 | P34: 0.33275256 | Q34: 0.65513191 | R34: =SUM((L34-O34)^2, (M34-P34)^2, (N34-Q34)^2) -> 0.0023902271 | S34: =L34-L33 -> -0.0018187668 | T34: =M34-M33 -> -0.027680422 | U34: =N34-N33 -> 0.029374331 | V34: =(S34+$AB$19*L34*M34)^2 -> 1.9423983e-08 | W34: =(T34-$AB$19*L34*M34+$AB$18*M34)^2 -> 5.7179324e-05 | X34: =(U34-$AB$18*M34)^2 -> 5.3253114e-05 | Y34: =(1 - SUM(L34:N34))^2 -> 1.339076e-06
A35: 33 | B35: =$AB$2*A35+$AB$3 -> -6.7731106 | C35: =1/(1+EXP(-B35)) -> 0.0011428227 | D35: =$AB$4*C35+$AB$5 -> 1.1015803 | E35: =$AB$6*C35+$AB$7 -> 2.4697849 | F35: =$AB$6*C35+$AB$7 -> 2.4697849 | G35: =$AB$10*A35+$AB$11 -> -0.057198323 | H35: =TANH(G35) -> -0.057136027 | I35: =$AB$12*H35+$AB$13 -> -1.0898733 | J35: =$AB$14*H35+$AB$15 -> -2.1320307 | K35: =$AB$16*H35+$AB$17 -> -1.8182206 | L35: =SUM(D35,I35) -> 0.011706969 | M35: =SUM(E35,J35) -> 0.33775419 | N35: =SUM(F35,K35) -> 0.65156424 | O35: 0.012931474 | P35: 0.31162242 | Q35: 0.68166378 | R35: =SUM((L35-O35)^2, (M35-P35)^2, (N35-Q35)^2) -> 0.0015903516 | S35: =L35-L34 -> -0.0016027096 | T35: =M35-M34 -> -0.029112274 | U35: =N35-N34 -> 0.030583196 | V35: =(S35+$AB$19*L35*M35)^2 -> 2.9036686e-10 | W35: =(T35-$AB$19*L35*M35+$AB$18*M35)^2 -> 0.00010759849 | X35: =(U35-$AB$18*M35)^2 -> 0.00010523113 | Y35: =(1 - SUM(L35:N35))^2 -> 1.0514405e-06
A36: 34 | B36: =$AB$2*A36+$AB$3 -> -7.168054 | C36: =1/(1+EXP(-B36)) -> 0.0007702276 | D36: =$AB$4*C36+$AB$5 -> 1.1012128 | E36: =$AB$6*C36+$AB$7 -> 2.4699693 | F36: =$AB$6*C36+$AB$7 -> 2.4699693 | G36: =$AB$10*A36+$AB$11 -> 0.068502247 | H36: =TANH(G36) -> 0.068395297 | I36: =$AB$12*H36+$AB$13 -> -1.0909462 | J36: =$AB$14*H36+$AB$15 -> -2.1618394 | K36: =$AB$16*H36+$AB$17 -> -1.7874748 | L36: =SUM(D36,I36) -> 0.01026653 | M36: =SUM(E36,J36) -> 0.30812992 | N36: =SUM(F36,K36) -> 0.68249455 | O36: 0.0086066662 | P36: 0.29035003 | Q36: 0.69814063 | R36: =SUM((L36-O36)^2, (M36-P36)^2, (N36-Q36)^2) -> 0.00056367937 | S36: =L36-L35 -> -0.0014404396 | T36: =M36-M35 -> -0.029624271 | U36: =N36-N35 -> 0.030930318 | V36: =(S36+$AB$19*L36*M36)^2 -> 2.9528601e-08 | W36: =(T36-$AB$19*L36*M36+$AB$18*M36)^2 -> 0.00015253715 | X36: =(U36-$AB$18*M36)^2 -> 0.0001534635 | Y36: =(1 - SUM(L36:N36))^2 -> 7.9388915e-07
A37: 35 | B37: =$AB$2*A37+$AB$3 -> -7.5629974 | C37: =1/(1+EXP(-B37)) -> 0.00051904677 | D37: =$AB$4*C37+$AB$5 -> 1.100965 | E37: =$AB$6*C37+$AB$7 -> 2.4700937 | F37: =$AB$6*C37+$AB$7 -> 2.4700937 | G37: =$AB$10*A37+$AB$11 -> 0.19420282 | H37: =TANH(G37) -> 0.19179766 | I37: =$AB$12*H37+$AB$13 -> -1.092001 | J37: =$AB$14*H37+$AB$15 -> -2.1911426 | K37: =$AB$16*H37+$AB$17 -> -1.7572504 | L37: =SUM(D37,I37) -> 0.0089640512 | M37: =SUM(E37,J37) -> 0.27895108 | N37: =SUM(F37,K37) -> 0.71284332 | O37: 0.007357598 | P37: 0.27250954 | Q37: 0.71941412 | R37: =SUM((L37-O37)^2, (M37-P37)^2, (N37-Q37)^2) -> 8.7249426e-05 | S37: =L37-L36 -> -0.0013024785 | T37: =M37-M36 -> -0.029178838 | U37: =N37-N36 -> 0.030348768 | V37: =(S37+$AB$19*L37*M37)^2 -> 8.9827274e-08 | W37: =(T37-$AB$19*L37*M37+$AB$18*M37)^2 -> 0.0001794318 | X37: =(U37-$AB$18*M37)^2 -> 0.00018393812 | Y37: =(1 - SUM(L37:N37))^2 -> 5.7525531e-07
... A61: 59 | B61: =$AB$2*A61+$AB$3 -> -17.041639 | C61: =1/(1+EXP(-B61)) -> 3.9710932e-08 | D61: =$AB$4*C61+$AB$5 -> 1.100453 | E61: =$AB$6*C61+$AB$7 -> 2.4703506 | F61: =$AB$6*C61+$AB$7 -> 2.4703506 | G61: =$AB$10*A61+$AB$11 -> 3.2110165 | H61: =TANH(G61) -> 0.99675458 | I61: =$AB$12*H61+$AB$13 -> -1.0988809 | J61: =$AB$14*H61+$AB$15 -> -2.3822882 | K61: =$AB$16*H61+$AB$17 -> -1.5600957 | L61: =SUM(D61,I61) -> 0.0015721962 | M61: =SUM(E61,J61) -> 0.088062496 | N61: =SUM(F61,K61) -> 0.91025492 | O61: -0.00010788248 | P61: 0.053596926 | Q61: 0.94100736 | R61: =SUM((L61-O61)^2, (M61-P61)^2, (N61-Q61)^2) -> 0.0021364111 | S61: =L61-L60 -> -7.9307694e-06 | T61: =M61-M60 -> -0.00021980554 | U61: =N61-N60 -> 0.00022673496 | V61: =(S61+$AB$19*L61*M61)^2 -> 2.264926e-09 | W61: =(T61-$AB$19*L61*M61+$AB$18*M61)^2 -> 2.5240511e-05 | X61: =(U61-$AB$18*M61)^2 -> 2.573113e-05 | Y61: =(1 - SUM(L61:N61))^2 -> 1.2186345e-08

Sheet Estimation with 3 Neurons
A1: Day | B1: f11 | C1: f12 | D1: f13S Predicted | E1: f13I Predicted | F1: f13R Predicted | G1: f21 | H1: f22 | I1: f23S Predicted | J1: f23I Predicted | K1: f23R Predicted | L1: f31 | M1: f32 | N1: f33S Predicted | O1: f33I Predicted | P1: f33R Predicted | Q1: S Pred | R1: I Pred | S1: R Pred | T1: S Real | U1: I Real | V1: R Real | W1: MSE | X1: dS/dt | Y1: dI/dt | Z1: dR/dt | AA1: E1 | AB1: E2 | AC1: E3 | AD1: E4 | AF1: Parameter | AG1: Value | AI1: MSE | AJ1: =AVERAGE(W2:W61) -> 0.0026655548
A2: 0 | B2: =$AG$2*A2+$AG$3 -> -9.2993754 | C2: =1/(1+EXP(-B2)) -> 9.1472981e-05 | D2: =$AG$4*C2+$AG$5 -> -4.7912355 | E2: =$AG$6*C2+$AG$7 -> -2.2988216 | F2: =$AG$6*C2+$AG$7 -> -2.2988216 | G2: =$AG$10*A2+$AG$11 -> 1.7018717 | H2: =TANH(G2) -> 0.93564264 | I2: =$AG$12*H2+$AG$13 -> 6.1619041 | J2: =$AG$14*H2+$AG$15 -> -5.1253158 | K2: =$AG$16*H2+$AG$17 -> 5.8607233 | L2: =$AG$18*A2+$AG$19 -> 1.6548383 | M2: =TANH(L2) -> 0.92951857 | N2: =$AG$20*M2+$AG$21 -> -0.31531485 | O2: =$AG$22*M2+$AG$23 -> 7.4290104 | P2: =$AG$24*M2+$AG$25 -> -3.6191285 | Q2: =SUM(D2,I2,N2) -> 1.0553537 | R2: =SUM(E2,J2,O2) -> 0.0048729137 | S2: =SUM(F2,K2,P2) -> -0.057226901 | T2: 0.99916903 | U2: -0.00051644142 | V2: 0.0012964653 | W2: =SUM((Q2-T2)^2, (R2-U2)^2, (S2-V2)^2) -> 0.0066107521 | AD2: =(1 - SUM(Q2:S2))^2 -> 8.998546e-06 | AF2: w11 | AG2: -7.1141902 | AH2: -7.1141902 | AI2: DINN | AJ2: =AVERAGE(AA3:AD61) -> 4.0133571e-05
A3: 1 | B3: =$AG$2*A3+$AG$3 -> -16.413566 | C3: =1/(1+EXP(-B3)) -> 7.4418167e-08 | D3: =$AG$4*C3+$AG$5 -> -4.7908521 | E3: =$AG$6*C3+$AG$7 -> -2.2995974 | F3: =$AG$6*C3+$AG$7 -> -2.2995974 | G3: =$AG$10*A3+$AG$11 -> 1.6023899 | H3: =TANH(G3) -> 0.9220275 | I3: =$AG$12*H3+$AG$13 -> 6.1111805 | J3: =$AG$14*H3+$AG$15 -> -4.9935104 | K3: =$AG$16*H3+$AG$17 -> 5.7776979 | L3: =$AG$18*A3+$AG$19 -> 1.5603363 | M3: =TANH(L3) -> 0.91547492 | N3: =$AG$20*M3+$AG$21 -> -0.27042466 | O3: =$AG$22*M3+$AG$23 -> 7.2932748 | P3: =$AG$24*M3+$AG$25 -> -3.5262679 | Q3: =SUM(D3,I3,N3) -> 1.0499037 | R3: =SUM(E3,J3,O3) -> 0.00016692997 | S3: =SUM(F3,K3,P3) -> -0.048167404 | T3: 0.98960194 | U3: 0.0021639113 | V3: 0.002694591 | W3: =SUM((Q3-T3)^2, (R3-U3)^2, (S3-V3)^2) -> 0.0062272307 | X3: =Q3-Q2 -> -0.0054500662 | Y3: =R3-R2 -> -0.0047059837 | Z3: =S3-S2 -> 0.0090594975 | AA3: =(X3+$AG$27*Q3*R3)^2 -> 2.8871027e-05 | AB3: =(Y3-$AG$27*Q3*R3+$AG$26*R3)^2 -> 2.2769505e-05 | AC3: =(Z3-$AG$26*R3)^2 -> 8.1872901e-05 | AD3: =(1 - SUM(Q3:S3))^2 -> 3.6221903e-06 | AF3: b11 | AG3: -9.2993754 | AH3: -9.2993754 | AI3: MSE + DINN | AJ3: =SUM(AJ1:AJ2) -> 0.0027056883
A4: 2 | B4: =$AG$2*A4+$AG$3 -> -23.527756 | C4: =1/(1+EXP(-B4)) -> 6.0537633e-11 | D4: =$AG$4*C4+$AG$5 -> -4.7908518 | E4: =$AG$6*C4+$AG$7 -> -2.2995981 | F4: =$AG$6*C4+$AG$7 -> -2.2995981 | G4: =$AG$10*A4+$AG$11 -> 1.502908 | H4: =TANH(G4) -> 0.90567238 | I4: =$AG$12*H4+$AG$13 -> 6.050249 | J4: =$AG$14*H4+$AG$15 -> -4.8351797 | K4: =$AG$16*H4+$AG$17 -> 5.677964 | L4: =$AG$18*A4+$AG$19 -> 1.4658343 | M4: =TANH(L4) -> 0.89877981 | N4: =$AG$20*M4+$AG$21 -> -0.21705918 | O4: =$AG$22*M4+$AG$23 -> 7.1319123 | P4: =$AG$24*M4+$AG$25 -> -3.415875 | Q4: =SUM(D4,I4,N4) -> 1.042338 | R4: =SUM(E4,J4,O4) -> -0.0028655484 | S4: =SUM(F4,K4,P4) -> -0.037509063 | T4: 1.0027007 | U4: 0.0033100596 | V4: -0.0047185297 | W4: =SUM((Q4-T4)^2, (R4-U4)^2, (S4-V4)^2) -> 0.0026844722 | X4: =Q4-Q3 -> -0.0075657114 | Y4: =R4-R3 -> -0.0030324783 | Z4: =S4-S3 -> 0.010658341 | AA4: =(X4+$AG$27*Q4*R4)^2 -> 7.878514e-05 | AB4: =(Y4-$AG$27*Q4*R4+$AG$26*R4)^2 -> 3.6603386e-06 | AC4: =(Z4-$AG$26*R4)^2 -> 0.00011771059 | AD4: =(1 - SUM(Q4:S4))^2 -> 3.8547672e-06 | AF4: w12S | AG4: -4.1942052 | AH4: -4.1942052
A5: 3 | B5: =$AG$2*A5+$AG$3 -> -30.641946 | C5: =1/(1+EXP(-B5)) -> 4.9246104e-14 | D5: =$AG$4*C5+$AG$5 -> -4.7908518 | E5: =$AG$6*C5+$AG$7 -> -2.2995981 | F5: =$AG$6*C5+$AG$7 -> -2.2995981 | G5: =$AG$10*A5+$AG$11 -> 1.4034262 | H5: =TANH(G5) -> 0.88608999 | I5: =$AG$12*H5+$AG$13 -> 5.9772942 | J5: =$AG$14*H5+$AG$15 -> -4.6456066 | K5: =$AG$16*H5+$AG$17 -> 5.5585503 | L5: =$AG$18*A5+$AG$19 -> 1.3713323 | M5: =TANH(L5) -> 0.87899546 | N5: =$AG$20*M5+$AG$21 -> -0.153819 | O5: =$AG$22*M5+$AG$23 -> 6.9406913 | P5: =$AG$24*M5+$AG$25 -> -3.2850552 | Q5: =SUM(D5,I5,N5) -> 1.0326234 | R5: =SUM(E5,J5,O5) -> -0.0045133451 | S5: =SUM(F5,K5,P5) -> -0.026102977 | T5: 0.99110329 | U5: 0.0015165638 | V5: 0.0024789689 | W5: =SUM((Q5-T5)^2, (R5-U5)^2, (S5-V5)^2) -> 0.002577207 | X5: =Q5-Q4 -> -0.0097145641 | Y5: =R5-R4 -> -0.0016477967 | Z5: =S5-S4 -> 0.011406086 | AA5: =(X5+$AG$27*Q5*R5)^2 -> 0.00013827968 | AB5: =(Y5-$AG$27*Q5*R5+$AG$26*R5)^2 -> 9.1912212e-09 | AC5: =(Z5-$AG$26*R5)^2 -> 0.00013705602 | AD5: =(1 - SUM(Q5:S5))^2 -> 4.0283762e-06 | AF5: b12S | AG5: -4.7908518 | AH5: -4.7908518
A6: 4 | B6: =$AG$2*A6+$AG$3 -> -37.756136 | C6: =1/(1+EXP(-B6)) -> 4.006068e-17 | D6: =$AG$4*C6+$AG$5 -> -4.7908518 | E6: =$AG$6*C6+$AG$7 -> -2.2995981 | F6: =$AG$6*C6+$AG$7 -> -2.2995981 | G6: =$AG$10*A6+$AG$11 -> 1.3039444 | H6: =TANH(G6) -> 0.86273513 | I6: =$AG$12*H6+$AG$13 -> 5.890285 | J6: =$AG$14*H6+$AG$15 -> -4.4195129 | K6: =$AG$16*H6+$AG$17 -> 5.4161319 | L6: =$AG$18*A6+$AG$19 -> 1.2768303 | M6: =TANH(L6) -> 0.8556381 | N6: =$AG$20*M6+$AG$21 -> -0.079157763 | O6: =$AG$22*M6+$AG$23 -> 6.7149363 | P6: =$AG$24*M6+$AG$25 -> -3.1306095 | Q6: =SUM(D6,I6,N6) -> 1.0202754 | R6: =SUM(E6,J6,O6) -> -0.0041747001 | S6: =SUM(F6,K6,P6) -> -0.014075703 | T6: 0.99855053 | U6: 0.0020051112 | V6: 0.0038636349 | W6: =SUM((Q6-T6)^2, (R6-U6)^2, (S6-V6)^2) -> 0.00083198109 | X6: =Q6-Q5 -> -0.012347975 | Y6: =R6-R5 -> 0.00033864494 | Z6: =S6-S5 -> 0.012027274 | AA6: =(X6+$AG$27*Q6*R6)^2 -> 0.00020211222 | AB6: =(Y6-$AG$27*Q6*R6+$AG$26*R6)^2 -> 3.7205255e-06 | AC6: =(Z6-$AG$26*R6)^2 -> 0.00015143013 | AD6: =(1 - SUM(Q6:S6))^2 -> 4.1007262e-06 | AF6: w12I | AG6: 8.4883201 | AH6: 8.4883201
A7: 5 | B7: =$AG$2*A7+$AG$3 -> -44.870327 | C7: =1/(1+EXP(-B7)) -> 3.2588529e-20 | D7: =$AG$4*C7+$AG$5 -> -4.7908518 | E7: =$AG$6*C7+$AG$7 -> -2.2995981 | F7: =$AG$6*C7+$AG$7 -> -2.2995981 | G7: =$AG$10*A7+$AG$11 -> 1.2044626 | H7: =TANH(G7) -> 0.83501073 | I7: =$AG$12*H7+$AG$13 -> 5.7869969 | J7: =$AG$14*H7+$AG$15 -> -4.1511185 | K7: =$AG$16*H7+$AG$17 -> 5.2470679 | L7: =$AG$18*A7+$AG$19 -> 1.1823283 | M7: =TANH(L7) -> 0.82818436 | N7: =$AG$20*M7+$AG$21 -> 0.0085974276 | O7: =$AG$22*M7+$AG$23 -> 6.4495887 | P7: =$AG$24*M7+$AG$25 -> -2.9490775 | Q7: =SUM(D7,I7,N7) -> 1.0047425 | R7: =SUM(E7,J7,O7) -> -0.0011278684 | S7: =SUM(F7,K7,P7) -> -0.0016076071 | T7: 0.99334815 | U7: 0.0057859344 | V7: -0.0046798608 | W7: =SUM((Q7-T7)^2, (R7-U7)^2, (S7-V7)^2) -> 0.00018707129 | X7: =Q7-Q6 -> -0.015532896 | Y7: =R7-R6 -> 0.0030468318 | Z7: =S7-S6 -> 0.012468096 | AA7: =(X7+$AG$27*Q7*R7)^2 -> 0.00025696272 | AB7: =(Y7-$AG$27*Q7*R7+$AG$26*R7)^2 -> 1.203238e-05 | AC7: =(Z7-$AG$26*R7)^2 -> 0.00015733479 | AD7: =(1 - SUM(Q7:S7))^2 -> 4.0282782e-06 | AF7: b12I | AG7: -2.2995981 | AH7: -2.2995981
A8: 6 | B8: =$AG$2*A8+$AG$3 -> -51.984517 | C8: =1/(1+EXP(-B8)) -> 2.6510089e-23 | D8: =$AG$4*C8+$AG$5 -> -4.7908518 | E8: =$AG$6*C8+$AG$7 -> -2.2995981 | F8: =$AG$6*C8+$AG$7 -> -2.2995981 | G8: =$AG$10*A8+$AG$11 -> 1.1049808 | H8: =TANH(G8) -> 0.802281 | I8: =$AG$12*H8+$AG$13 -> 5.6650613 | J8: =$AG$14*H8+$AG$15 -> -3.8342686 | K8: =$AG$16*H8+$AG$17 -> 5.0474814 | L8: =$AG$18*A8+$AG$19 -> 1.0878263 | M8: =TANH(L8) -> 0.79608339 | N8: =$AG$20*M8+$AG$21 -> 0.11120737 | O8: =$AG$22*M8+$AG$23 -> 6.1393245 | P8: =$AG$24*M8+$AG$25 -> -2.7368166 | Q8: =SUM(D8,I8,N8) -> 0.98541689 | R8: =SUM(E8,J8,O8) -> 0.0054578564 | S8: =SUM(F8,K8,P8) -> 0.011066722 | T8: 0.98283074 | U8: 0.012651331 | V8: 0.0030346095 | W8: =SUM((Q8-T8)^2, (R8-U8)^2, (S8-V8)^2) -> 0.00012294909 | X8: =Q8-Q7 -> -0.019325641 | Y8: =R8-R7 -> 0.0065857247 | Z8: =S8-S7 -> 0.012674329 | AA8: =(X8+$AG$27*Q8*R8)^2 -> 0.00028784889 | AB8: =(Y8-$AG$27*Q8*R8+$AG$26*R8)^2 -> 2.1069863e-05 | AC8: =(Z8-$AG$26*R8)^2 -> 0.00015154423 | AD8: =(1 - SUM(Q8:S8))^2 -> 3.7693037e-06 | AF8: w12R | AG8: -2.6430285 | AH8: -2.6430285
A9: 7 | B9: =$AG$2*A9+$AG$3 -> -59.098707 | C9: =1/(1+EXP(-B9)) -> 2.1565405e-26 | D9: =$AG$4*C9+$AG$5 -> -4.7908518 | E9: =$AG$6*C9+$AG$7 -> -2.2995981 | F9: =$AG$6*C9+$AG$7 -> -2.2995981 | G9: =$AG$10*A9+$AG$11 -> 1.0054989 | H9: =TANH(G9) -> 0.76389391 | I9: =$AG$12*H9+$AG$13 -> 5.5220491 | J9: =$AG$14*H9+$AG$15 -> -3.462651 | K9: =$AG$16*H9+$AG$17 -> 4.8133962 | L9: =$AG$18*A9+$AG$19 -> 0.99332428 | M9: =TANH(L9) -> 0.75877624 | N9: =$AG$20*M9+$AG$21 -> 0.23045875 | O9: =$AG$22*M9+$AG$23 -> 5.7787411 | P9: =$AG$24*M9+$AG$25 -> -2.4901309 | Q9: =SUM(D9,I9,N9) -> 0.96165606 | R9: =SUM(E9,J9,O9) -> 0.016492115 | S9: =SUM(F9,K9,P9) -> 0.023667218 | T9: 0.97539399 | U9: 0.020354 | V9: 0.007466831 | W9: =SUM((Q9-T9)^2, (R9-U9)^2, (S9-V9)^2) -> 0.00046609722 | X9: =Q9-Q8 -> -0.023760827 | Y9: =R9-R8 -> 0.011034259 | Z9: =S9-S8 -> 0.012600496 | AA9: =(X9+$AG$27*Q9*R9)^2 -> 0.00028233752 | AB9: =(Y9-$AG$27*Q9*R9+$AG$26*R9)^2 -> 2.6793413e-05 | AC9: =(Z9-$AG$26*R9)^2 -> 0.00013226368 | AD9: =(1 - SUM(Q9:S9))^2 -> 3.2956689e-06 | AF9: b12R | AG9: 1.1276781 | AH9: 1.1276781
A10: 8 | B10: =$AG$2*A10+$AG$3 -> -66.212897 | C10: =1/(1+EXP(-B10)) -> 1.7543008e-29 | D10: =$AG$4*C10+$AG$5 -> -4.7908518 | E10: =$AG$6*C10+$AG$7 -> -2.2995981 | F10: =$AG$6*C10+$AG$7 -> -2.2995981 | G10: =$AG$10*A10+$AG$11 -> 0.90601711 | H10: =TANH(G10) -> 0.71921509 | I10: =$AG$12*H10+$AG$13 -> 5.3555969 | J10: =$AG$14*H10+$AG$15 -> -3.0301243 | K10: =$AG$16*H10+$AG$17 -> 4.5409439 | L10: =$AG$18*A10+$AG$19 -> 0.89882228 | M10: =TANH(L10) -> 0.71572394 | N10: =$AG$20*M10+$AG$21 -> 0.36807437 | O10: =$AG$22*M10+$AG$23 -> 5.3626294 | P10: =$AG$24*M10+$AG$25 -> -2.2054566 | Q10: =SUM(D10,I10,N10) -> 0.93281944 | R10: =SUM(E10,J10,O10) -> 0.03290696 | S10: =SUM(F10,K10,P10) -> 0.035889223 | T10: 0.96249141 | U10: 0.033533967 | V10: 0.0091761695 | W10: =SUM((Q10-T10)^2, (R10-U10)^2, (S10-V10)^2) -> 0.0015944058 | X10: =Q10-Q9 -> -0.02883662 | Y10: =R10-R9 -> 0.016414845 | Z10: =S10-S9 -> 0.012222005 | AA10: =(X10+$AG$27*Q10*R10)^2 -> 0.00023622706 | AB10: =(Y10-$AG$27*Q10*R10+$AG$26*R10)^2 -> 2.6445857e-05 | AC10: =(Z10-$AG$26*R10)^2 -> 0.00010054787 | AD10: =(1 - SUM(Q10:S10))^2 -> 2.6102519e-06 | AF10: w21 | AG10: -0.099481824 | AH10: -0.099481824
A11: 9 | B11: =$AG$2*A11+$AG$3 -> -73.327088 | C11: =1/(1+EXP(-B11)) -> 1.4270872e-32 | D11: =$AG$4*C11+$AG$5 -> -4.7908518 | E11: =$AG$6*C11+$AG$7 -> -2.2995981 | F11: =$AG$6*C11+$AG$7 -> -2.2995981 | G11: =$AG$10*A11+$AG$11 -> 0.80653528 | H11: =TANH(G11) -> 0.66767451 | I11: =$AG$12*H11+$AG$13 -> 5.1635809 | J11: =$AG$14*H11+$AG$15 -> -2.5311704 | K11: =$AG$16*H11+$AG$17 -> 4.2266485 | L11: =$AG$18*A11+$AG$19 -> 0.80432029 | M11: =TANH(L11) -> 0.66644512 | N11: =$AG$20*M11+$AG$21 -> 0.52559286 | O11: =$AG$22*M11+$AG$23 -> 4.8863368 | P11: =$AG$24*M11+$AG$25 -> -1.8796109 | Q11: =SUM(D11,I11,N11) -> 0.89832199 | R11: =SUM(E11,J11,O11) -> 0.055568344 | S11: =SUM(F11,K11,P11) -> 0.047439523 | T11: 0.94450237 | U11: 0.047496166 | V11: 0.007522534 | W11: =SUM((Q11-T11)^2, (R11-U11)^2, (S11-V11)^2) -> 0.0037911532 | X11: =Q11-Q10 -> -0.03449745 | Y11: =R11-R10 -> 0.022661385 | Z11: =S11-S10 -> 0.0115503 | AA11: =(X11+$AG$27*Q11*R11)^2 -> 0.00015869705 | AB11: =(Y11-$AG$27*Q11*R11+$AG$26*R11)^2 -> 1.9957945e-05 | AC11: =(Z11-$AG$26*R11)^2 -> 6.1533118e-05 | AD11: =(1 - SUM(Q11:S11))^2 -> 1.7685332e-06 | AF11: b21 | AG11: 1.7018717 | AH11: 1.7018717
A12: 10 | B12: =$AG$2*A12+$AG$3 -> -80.441278 | C12: =1/(1+EXP(-B12)) -> 1.1609057e-35 | D12: =$AG$4*C12+$AG$5 -> -4.7908518 | E12: =$AG$6*C12+$AG$7 -> -2.2995981 | F12: =$AG$6*C12+$AG$7 -> -2.2995981 | G12: =$AG$10*A12+$AG$11 -> 0.70705346 | H12: =TANH(G12) -> 0.60882581 | I12: =$AG$12*H12+$AG$13 -> 4.9443384 | J12: =$AG$14*H12+$AG$15 -> -1.9614679 | K12: =$AG$16*H12+$AG$17 -> 3.8677879 | L12: =$AG$18*A12+$AG$19 -> 0.70981829 | M12: =TANH(L12) -> 0.61056287 | N12: =$AG$20*M12+$AG$21 -> 0.70421908 | O12: =$AG$22*M12+$AG$23 -> 4.3462202 | P12: =$AG$24*M12+$AG$25 -> -1.5101013 | Q12: =SUM(D12,I12,N12) -> 0.85770563 | R12: =SUM(E12,J12,O12) -> 0.085154266 | S12: =SUM(F12,K12,P12) -> 0.058088575 | T12: 0.91819898 | U12: 0.067597221 | V12: 0.0032927993 | W12: =SUM((Q12-T12)^2, (R12-U12)^2, (S12-V12)^2) -> 0.006970272 | X12: =Q12-Q11 -> -0.040616361 | Y12: =R12-R11 -> 0.029585922 | Z12: =S12-S11 -> 0.010649052 | AA12: =(X12+$AG$27*Q12*R12)^2 -> 7.350873e-05 | AB12: =(Y12-$AG$27*Q12*R12+$AG$26*R12)^2 -> 1.0384117e-05 | AC12: =(Z12-$AG$26*R12)^2 -> 2.4699867e-05 | AD12: =(1 - SUM(Q12:S12))^2 -> 8.9960379e-07 | AF12: w22S | AG12: 3.7255293 | AH12: 3.7255293
A13: 11 | B13: =$AG$2*A13+$AG$3 -> -87.555468 | C13: =1/(1+EXP(-B13)) -> 9.443726e-39 | D13: =$AG$4*C13+$AG$5 -> -4.7908518 | E13: =$AG$6*C13+$AG$7 -> -2.2995981 | F13: =$AG$6*C13+$AG$7 -> -2.2995981 | G13: =$AG$10*A13+$AG$11 -> 0.60757163 | H13: =TANH(G13) -> 0.54241545 | I13: =$AG$12*H13+$AG$13 -> 4.6969246 | J13: =$AG$14*H13+$AG$15 -> -1.3185626 | K13: =$AG$16*H13+$AG$17 -> 3.4628163 | L13: =$AG$18*A13+$AG$19 -> 0.61531629 | M13: =TANH(L13) -> 0.54785854 | N13: =$AG$20*M13+$AG$21 -> 0.90465191 | O13: =$AG$22*M13+$AG$23 -> 3.7401665 | P13: =$AG$24*M13+$AG$25 -> -1.0954821 | Q13: =SUM(D13,I13,N13) -> 0.81072473 | R13: =SUM(E13,J13,O13) -> 0.12200582 | S13: =SUM(F13,K13,P13) -> 0.067736102 | T13: 0.89021614 | U13: 0.095969398 | V13: 0.019651499 | W13: =SUM((Q13-T13)^2, (R13-U13)^2, (S13-V13)^2) -> 0.0093089081 | X13: =Q13-Q12 -> -0.046980902 | Y13: =R13-R12 -> 0.03685155 | Z13: =S13-S12 -> 0.0096475271 | AA13: =(X13+$AG$27*Q13*R13)^2 -> 1.2860235e-05 | AB13: =(Y13-$AG$27*Q13*R13+$AG$26*R13)^2 -> 2.5397032e-06 | AC13: =(Z13-$AG$26*R13)^2 -> 2.2820557e-06 | AD13: =(1 - SUM(Q13:S13))^2 -> 2.1776182e-07 | AF13: b22S | AG13: 2.67614 | AH13: 2.67614
A14: 12 | B14: =$AG$2*A14+$AG$3 -> -94.669658 | C14: =1/(1+EXP(-B14)) -> 7.6822744e-42 | D14: =$AG$4*C14+$AG$5 -> -4.7908518 | E14: =$AG$6*C14+$AG$7 -> -2.2995981 | F14: =$AG$6*C14+$AG$7 -> -2.2995981 | G14: =$AG$10*A14+$AG$11 -> 0.50808981 | H14: =TANH(G14) -> 0.46845554 | I14: =$AG$12*H14+$AG$13 -> 4.4213848 | J14: =$AG$14*H14+$AG$15 -> -0.60257154 | K14: =$AG$16*H14+$AG$17 -> 3.0118073 | L14: =$AG$18*A14+$AG$19 -> 0.52081429 | M14: =TANH(L14) -> 0.47832824 | N14: =$AG$20*M14+$AG$21 -> 1.1269038 | O14: =$AG$22*M14+$AG$23 -> 3.0681379 | P14: =$AG$24*M14+$AG$25 -> -0.63572767 | Q14: =SUM(D14,I14,N14) -> 0.75743678 | R14: =SUM(E14,J14,O14) -> 0.16596832 | S14: =SUM(F14,K14,P14) -> 0.076481576 | T14: 0.83105635 | U14: 0.13982037 | V14: 0.024532806 | W14: =SUM((Q14-T14)^2, (R14-U14)^2, (S14-V14)^2) -> 0.0088022312 | X14: =Q14-Q13 -> -0.053287955 | Y14: =R14-R13 -> 0.043962504 | Z14: =S14-S13 -> 0.0087454738 | AA14: =(X14+$AG$27*Q14*R14)^2 -> 3.4717809e-06 | AB14: =(Y14-$AG$27*Q14*R14+$AG$26*R14)^2 -> 1.4369176e-08 | AC14: =(Z14-$AG$26*R14)^2 -> 5.3980834e-06 | AD14: =(1 - SUM(Q14:S14))^2 -> 1.2843226e-08 | AF14: w22I | AG14: -9.6807986 | AH14: -9.6807986
A15: 13 | B15: =$AG$2*A15+$AG$3 -> -101.78385 | C15: =1/(1+EXP(-B15)) -> 6.2493702e-45 | D15: =$AG$4*C15+$AG$5 -> -4.7908518 | E15: =$AG$6*C15+$AG$7 -> -2.2995981 | F15: =$AG$6*C15+$AG$7 -> -2.2995981 | G15: =$AG$10*A15+$AG$11 -> 0.40860799 | H15: =TANH(G15) -> 0.3872901 | I15: =$AG$12*H15+$AG$13 -> 4.1190006 | J15: =$AG$14*H15+$AG$15 -> 0.18317473 | K15: =$AG$16*H15+$AG$17 -> 2.5168589 | L15: =$AG$18*A15+$AG$19 -> 0.42631229 | M15: =TANH(L15) -> 0.40223484 | N15: =$AG$20*M15+$AG$21 -> 1.3701344 | O15: =$AG$22*M15+$AG$23 -> 2.3326753 | P15: =$AG$24*M15+$AG$25 -> -0.13257611 | Q15: =SUM(D15,I15,N15) -> 0.69828322 | R15: =SUM(E15,J15,O15) -> 0.21625198 | S15: =SUM(F15,K15,P15) -> 0.084684737 | T15: 0.77338802 | U15: 0.1957633 | V15: 0.038447975 | W15: =SUM((Q15-T15)^2, (R15-U15)^2, (S15-V15)^2) -> 0.0081983558 | X15: =Q15-Q14 -> -0.059153561 | Y15: =R15-R14 -> 0.050283658 | Z15: =S15-S14 -> 0.008203161 | AA15: =(X15+$AG$27*Q15*R15)^2 -> 5.0336491e-05 | AB15: =(Y15-$AG$27*Q15*R15+$AG$26*R15)^2 -> 2.3787744e-06 | AC15: =(Z15-$AG$26*R15)^2 -> 3.8678897e-05 | AD15: =(1 - SUM(Q15:S15))^2 -> 6.0850944e-07 | AF15: b22I | AG15: 3.9324522 | AH15: 3.9324522
... A27: 25 | B27: =$AG$2*A27+$AG$3 -> -187.15413 | C27: =1/(1+EXP(-B27)) -> 5.2479961e-82 | D27: =$AG$4*C27+$AG$5 -> -4.7908518 | E27: =$AG$6*C27+$AG$7 -> -2.2995981 | F27: =$AG$6*C27+$AG$7 -> -2.2995981 | G27: =$AG$10*A27+$AG$11 -> -0.7851739 | H27: =TANH(G27) -> -0.65566637 | I27: =$AG$12*H27+$AG$13 -> 0.2334357 | J27: =$AG$14*H27+$AG$15 -> 10.279826 | K27: =$AG$16*H27+$AG$17 -> -3.8431097 | L27: =$AG$18*A27+$AG$19 -> -0.70771168 | M27: =TANH(L27) -> -0.60923988 | N27: =$AG$20*M27+$AG$21 -> 4.6032882 | O27: =$AG$22*M27+$AG$23 -> -7.4434922 | P27: =$AG$24*M27+$AG$25 -> 6.5555871 | Q27: =SUM(D27,I27,N27) -> 0.045872045 | R27: =SUM(E27,J27,O27) -> 0.536736 | S27: =SUM(F27,K27,P27) -> 0.4128794 | T27: 0.041882891 | U27: 0.51004857 | V27: 0.44388223 | W27: =SUM((Q27-T27)^2, (R27-U27)^2, (S27-V27)^2) -> 0.0016893081 | X27: =Q27-Q26 -> -0.024319761 | Y27: =R27-R26 -> -0.02224148 | Z27: =S27-S26 -> 0.046950932 | AA27: =(X27+$AG$27*Q27*R27)^2 -> 0.00018273776 | AB27: =(Y27-$AG$27*Q27*R27+$AG$26*R27)^2 -> 7.5796056e-06 | AC27: =(Z27-$AG$26*R27)^2 -> 0.00012442592 | AD27: =(1 - SUM(Q27:S27))^2 -> 2.0363101e-05 | AF27: beta | AG27: 0.43871612 | AH27: 0.43871612
A28: 26 | B28: =$AG$2*A28+$AG$3 -> -194.26832 | C28: =1/(1+EXP(-B28)) -> 4.2691355e-85 | D28: =$AG$4*C28+$AG$5 -> -4.7908518 | E28: =$AG$6*C28+$AG$7 -> -2.2995981 | F28: =$AG$6*C28+$AG$7 -> -2.2995981 | G28: =$AG$10*A28+$AG$11 -> -0.88465573 | H28: =TANH(G28) -> -0.70874404 | I28: =$AG$12*H28+$AG$13 -> 0.035693265 | J28: =$AG$14*H28+$AG$15 -> 10.793661 | K28: =$AG$16*H28+$AG$17 -> -4.1667783 | L28: =$AG$18*A28+$AG$19 -> -0.80221368 | M28: =TANH(L28) -> -0.66527252 | N28: =$AG$20*M28+$AG$21 -> 4.7823951 | O28: =$AG$22*M28+$AG$23 -> -7.9850623 | P28: =$AG$24*M28+$AG$25 -> 6.9260911 | Q28: =SUM(D28,I28,N28) -> 0.027236539 | R28: =SUM(E28,J28,O28) -> 0.5090002 | S28: =SUM(F28,K28,P28) -> 0.45971472 | T28: 0.026899077 | U28: 0.48054749 | V28: 0.48772295 | W28: =SUM((Q28-T28)^2, (R28-U28)^2, (S28-V28)^2) -> 0.0015941323 | X28: =Q28-Q27 -> -0.018635506 | Y28: =R28-R27 -> -0.0277358 | Z28: =S28-S27 -> 0.046835314 | AA28: =(X28+$AG$27*Q28*R28)^2 -> 0.00015758805 | AB28: =(Y28-$AG$27*Q28*R28+$AG$26*R28)^2 -> 1.654461e-08 | AC28: =(Z28-$AG$26*R28)^2 -> 0.00016612089 | AD28: =(1 - SUM(Q28:S28))^2 -> 1.6390692e-05
A29: 27 | B29: =$AG$2*A29+$AG$3 -> -201.38251 | C29: =1/(1+EXP(-B29)) -> 3.4728528e-88 | D29: =$AG$4*C29+$AG$5 -> -4.7908518 | E29: =$AG$6*C29+$AG$7 -> -2.2995981 | F29: =$AG$6*C29+$AG$7 -> -2.2995981 | G29: =$AG$10*A29+$AG$11 -> -0.98413755 | H29: =TANH(G29) -> -0.75485144 | I29: =$AG$12*H29+$AG$13 -> -0.1360812 | J29: =$AG$14*H29+$AG$15 -> 11.240017 | K29: =$AG$16*H29+$AG$17 -> -4.4479421 | L29: =$AG$18*A29+$AG$19 -> -0.89671568 | M29: =TANH(L29) -> -0.71469491 | N29: =$AG$20*M29+$AG$21 -> 4.9403725 | O29: =$AG$22*M29+$AG$23 -> -8.4627426 | P29: =$AG$24*M29+$AG$25 -> 7.2528862 | Q29: =SUM(D29,I29,N29) -> 0.013439516 | R29: =SUM(E29,J29,O29) -> 0.47767632 | S29: =SUM(F29,K29,P29) -> 0.50534605 | T29: 0.028643067 | U29: 0.45621581 | V29: 0.51359202 | W29: =SUM((Q29-T29)^2, (R29-U29)^2, (S29-V29)^2) -> 0.00075969722 | X29: =Q29-Q28 -> -0.013797023 | Y29: =R29-R28 -> -0.031323888 | Z29: =S29-S28 -> 0.045631335 | AA29: =(X29+$AG$27*Q29*R29)^2 -> 0.00012057314 | AB29: =(Y29-$AG$27*Q29*R29+$AG$26*R29)^2 -> 5.2115235e-06 | AC29: =(Z29-$AG$26*R29)^2 -> 0.0001897198 | AD29: =(1 - SUM(Q29:S29))^2 -> 1.2518274e-05
A30: 28 | B30: =$AG$2*A30+$AG$3 -> -208.4967 | C30: =1/(1+EXP(-B30)) -> 2.8250934e-91 | D30: =$AG$4*C30+$AG$5 -> -4.7908518 | E30: =$AG$6*C30+$AG$7 -> -2.2995981 | F30: =$AG$6*C30+$AG$7 -> -2.2995981 | G30: =$AG$10*A30+$AG$11 -> -1.0836194 | H30: =TANH(G30) -> -0.79453744 | I30: =$AG$12*H30+$AG$13 -> -0.28393254 | J30: =$AG$14*H30+$AG$15 -> 11.624209 | K30: =$AG$16*H30+$AG$17 -> -4.6899481 | L30: =$AG$18*A30+$AG$19 -> -0.99121768 | M30: =TANH(L30) -> -0.75788107 | N30: =$AG$20*M30+$AG$21 -> 5.078416 | O30: =$AG$22*M30+$AG$23 -> -8.8801481 | P30: =$AG$24*M30+$AG$25 -> 7.5384456 | Q30: =SUM(D30,I30,N30) -> 0.0036316305 | R30: =SUM(E30,J30,O30) -> 0.44446301 | S30: =SUM(F30,K30,P30) -> 0.54889941 | T30: 0.018585383 | U30: 0.43462183 | V30: 0.54771314 | W30: =SUM((Q30-T30)^2, (R30-U30)^2, (S30-V30)^2) -> 0.00032187075 | X30: =Q30-Q29 -> -0.0098078852 | Y30: =R30-R29 -> -0.033213308 | Z30: =S30-S29 -> 0.043553354 | AA30: =(X30+$AG$27*Q30*R30)^2 -> 8.2805311e-05 | AB30: =(Y30-$AG$27*Q30*R30+$AG$26*R30)^2 -> 1.8310498e-05 | AC30: =(Z30-$AG$26*R30)^2 -> 0.00019351538 | AD30: =(1 - SUM(Q30:S30))^2 -> 9.0357701e-06
A31: 29 | B31: =$AG$2*A31+$AG$3 -> -215.61089 | C31: =1/(1+EXP(-B31)) -> 2.2981547e-94 | D31: =$AG$4*C31+$AG$5 -> -4.7908518 | E31: =$AG$6*C31+$AG$7 -> -2.2995981 | F31: =$AG$6*C31+$AG$7 -> -2.2995981 | G31: =$AG$10*A31+$AG$11 -> -1.1831012 | H31: =TANH(G31) -> -0.82842699 | I31: =$AG$12*H31+$AG$13 -> -0.41018904 | J31: =$AG$14*H31+$AG$15 -> 11.952287 | K31: =$AG$16*H31+$AG$17 -> -4.8966072 | L31: =$AG$18*A31+$AG$19 -> -1.0857197 | M31: =TANH(L31) -> -0.79531055 | N31: =$AG$20*M31+$AG$21 -> 5.1980584 | O31: =$AG$22*M31+$AG$23 -> -9.2419138 | P31: =$AG$24*M31+$AG$25 -> 7.7859402 | Q31: =SUM(D31,I31,N31) -> -0.0029824511 | R31: =SUM(E31,J31,O31) -> 0.41077512 | S31: =SUM(F31,K31,P31) -> 0.58973488 | T31: 0.016441051 | U31: 0.40770547 | V31: 0.57331042 | W31: =SUM((Q31-T31)^2, (R31-U31)^2, (S31-V31)^2) -> 0.00065645813 | X31: =Q31-Q30 -> -0.0066140816 | Y31: =R31-R30 -> -0.033687885 | Z31: =S31-S30 -> 0.040835473 | AA31: =(X31+$AG$27*Q31*R31)^2 -> 5.1144811e-05 | AB31: =(Y31-$AG$27*Q31*R31+$AG$26*R31)^2 -> 3.3117303e-05 | AC31: =(Z31-$AG$26*R31)^2 -> 0.00018062903 | AD31: =(1 - SUM(Q31:S31))^2 -> 6.1130061e-06
A32: 30 | B32: =$AG$2*A32+$AG$3 -> -222.72508 | C32: =1/(1+EXP(-B32)) -> 1.869501e-97 | D32: =$AG$4*C32+$AG$5 -> -4.7908518 | E32: =$AG$6*C32+$AG$7 -> -2.2995981 | F32: =$AG$6*C32+$AG$7 -> -2.2995981 | G32: =$AG$10*A32+$AG$11 -> -1.282583 | H32: =TANH(G32) -> -0.8571716 | I32: =$AG$12*H32+$AG$13 -> -0.51727794 | J32: =$AG$14*H32+$AG$15 -> 12.230558 | K32: =$AG$16*H32+$AG$17 -> -5.0718924 | L32: =$AG$18*A32+$AG$19 -> -1.1802217 | M32: =TANH(L32) -> -0.8275215 | N32: =$AG$20*M32+$AG$21 -> 5.3010199 | O32: =$AG$22*M32+$AG$23 -> -9.553241 | P32: =$AG$24*M32+$AG$25 -> 7.9989282 | Q32: =SUM(D32,I32,N32) -> -0.0071098625 | R32: =SUM(E32,J32,O32) -> 0.37771872 | S32: =SUM(F32,K32,P32) -> 0.62743776 | T32: 0.016927266 | U32: 0.38076373 | V32: 0.60213874 | W32: =SUM((Q32-T32)^2, (R32-U32)^2, (S32-V32)^2) -> 0.001227096 | X32: =Q32-Q31 -> -0.0041274114 | Y32: =R32-R31 -> -0.033056403 | Z32: =S32-S31 -> 0.037702885 | AA32: =(X32+$AG$27*Q32*R32)^2 -> 2.8149348e-05 | AB32: =(Y32-$AG$27*Q32*R32+$AG$26*R32)^2 -> 4.4718541e-05 | AC32: =(Z32-$AG$26*R32)^2 -> 0.0001565466 | AD32: =(1 - SUM(Q32:S32))^2 -> 3.8156906e-06
A33: 31 | B33: =$AG$2*A33+$AG$3 -> -229.83927 | C33: =1/(1+EXP(-B33)) -> 1.5208001e-100 | D33: =$AG$4*C33+$AG$5 -> -4.7908518 | E33: =$AG$6*C33+$AG$7 -> -2.2995981 | F33: =$AG$6*C33+$AG$7 -> -2.2995981 | G33: =$AG$10*A33+$AG$11 -> -1.3820648 | H33: =TANH(G33) -> -0.8814128 | I33: =$AG$12*H33+$AG$13 -> -0.60758924 | J33: =$AG$14*H33+$AG$15 -> 12.465232 | K33: =$AG$16*H33+$AG$17 -> -5.2197157 | L33: =$AG$18*A33+$AG$19 -> -1.2747237 | M33: =TANH(L33) -> -0.85507276 | N33: =$AG$20*M33+$AG$21 -> 5.3890868 | O33: =$AG$22*M33+$AG$23 -> -9.8195312 | P33: =$AG$24*M33+$AG$25 -> 8.1811051 | Q33: =SUM(D33,I33,N33) -> -0.0093542517 | R33: =SUM(E33,J33,O33) -> 0.34610278 | S33: =SUM(F33,K33,P33) -> 0.66179135 | T33: 0.0055360201 | U33: 0.35516466 | V33: 0.62492175 | W33: =SUM((Q33-T33)^2, (R33-U33)^2, (S33-V33)^2) -> 0.0016632049 | X33: =Q33-Q32 -> -0.0022443892 | Y33: =R33-R32 -> -0.031615941 | Z33: =S33-S32 -> 0.034353584 | AA33: =(X33+$AG$27*Q33*R33)^2 -> 1.343037e-05 | AB33: =(Y33-$AG$27*Q33*R33+$AG$26*R33)^2 -> 5.059626e-05 | AC33: =(Z33-$AG$26*R33)^2 -> 0.00012703782 | AD33: =(1 - SUM(Q33:S33))^2 -> 2.1319666e-06
A34: 32 | B34: =$AG$2*A34+$AG$3 -> -236.95346 | C34: =1/(1+EXP(-B34)) -> 1.2371392e-103 | D34: =$AG$4*C34+$AG$5 -> -4.7908518 | E34: =$AG$6*C34+$AG$7 -> -2.2995981 | F34: =$AG$6*C34+$AG$7 -> -2.2995981 | G34: =$AG$10*A34+$AG$11 -> -1.4815467 | H34: =TANH(G34) -> -0.90175736 | I34: =$AG$12*H34+$AG$13 -> -0.6833835 | J34: =$AG$14*H34+$AG$15 -> 12.662184 | K34: =$AG$16*H34+$AG$17 -> -5.3437772 | L34: =$AG$18*A34+$AG$19 -> -1.3692257 | M34: =TANH(L34) -> -0.8785156 | N34: =$AG$20*M34+$AG$21 -> 5.4640213 | O34: =$AG$22*M34+$AG$23 -> -10.046112 | P34: =$AG$24*M34+$AG$25 -> 8.336116 | Q34: =SUM(D34,I34,N34) -> -0.010214041 | R34: =SUM(E34,J34,O34) -> 0.31647315 | S34: =SUM(F34,K34,P34) -> 0.6927407 | T34: 0.0055516744 | U34: 0.33275256 | V34: 0.65513191 | W34: =SUM((Q34-T34)^2, (R34-U34)^2, (S34-V34)^2) -> 0.0019279975 | X34: =Q34-Q33 -> -0.0008597888 | Y34: =R34-R33 -> -0.029629629 | Z34: =S34-S33 -> 0.030949348 | AA34: =(X34+$AG$27*Q34*R34)^2 -> 5.1889437e-06 | AB34: =(Y34-$AG$27*Q34*R34+$AG$26*R34)^2 -> 5.0482296e-05 | AC34: =(Z34-$AG$26*R34)^2 -> 9.6883555e-05 | AD34: =(1 - SUM(Q34:S34))^2 -> 1.0003917e-06
A35: 33 | B35: =$AG$2*A35+$AG$3 -> -244.06765 | C35: =1/(1+EXP(-B35)) -> 1.006387e-106 | D35: =$AG$4*C35+$AG$5 -> -4.7908518 | E35: =$AG$6*C35+$AG$7 -> -2.2995981 | F35: =$AG$6*C35+$AG$7 -> -2.2995981 | G35: =$AG$10*A35+$AG$11 -> -1.5810285 | H35: =TANH(G35) -> -0.91876236 | I35: =$AG$12*H35+$AG$13 -> -0.74673613 | J35: =$AG$14*H35+$AG$15 -> 12.826806 | K35: =$AG$16*H35+$AG$17 -> -5.4474741 | L35: =$AG$18*A35+$AG$19 -> -1.4637277 | M35: =TANH(L35) -> -0.89837417 | N35: =$AG$20*M35+$AG$21 -> 5.5274987 | O35: =$AG$22*M35+$AG$23 -> -10.238051 | P35: =$AG$24*M35+$AG$25 -> 8.4674266 | Q35: =SUM(D35,I35,N35) -> -0.010089264 | R35: =SUM(E35,J35,O35) -> 0.28915693 | S35: =SUM(F35,K35,P35) -> 0.72035444 | T35: 0.012931474 | U35: 0.31162242 | V35: 0.68166378 | W35: =SUM((Q35-T35)^2, (R35-U35)^2, (S35-V35)^2) -> 0.0025316198 | X35: =Q35-Q34 -> 0.00012477611 | Y35: =R35-R34 -> -0.027316223 | Z35: =S35-S34 -> 0.027613745 | AA35: =(X35+$AG$27*Q35*R35)^2 -> 1.3343156e-06 | AB35: =(Y35-$AG$27*Q35*R35+$AG$26*R35)^2 -> 4.5585551e-05 | AC35: =(Z35-$AG$26*R35)^2 -> 6.9374411e-05 | AD35: =(1 - SUM(Q35:S35))^2 -> 3.3396679e-07
A36: 34 | B36: =$AG$2*A36+$AG$3 -> -251.18184 | C36: =1/(1+EXP(-B36)) -> 8.1867484e-110 | D36: =$AG$4*C36+$AG$5 -> -4.7908518 | E36: =$AG$6*C36+$AG$7 -> -2.2995981 | F36: =$AG$6*C36+$AG$7 -> -2.2995981 | G36: =$AG$10*A36+$AG$11 -> -1.6805103 | H36: =TANH(G36) -> -0.93292775 | I36: =$AG$12*H36+$AG$13 -> -0.79950968 | J36: =$AG$14*H36+$AG$15 -> 12.963938 | K36: =$AG$16*H36+$AG$17 -> -5.5338548 | L36: =$AG$18*A36+$AG$19 -> -1.5582297 | M36: =TANH(L36) -> -0.91513319 | N36: =$AG$20*M36+$AG$21 -> 5.5810685 | O36: =$AG$22*M36+$AG$23 -> -10.400031 | P36: =$AG$24*M36+$AG$25 -> 8.5782421 | Q36: =SUM(D36,I36,N36) -> -0.0092930279 | R36: =SUM(E36,J36,O36) -> 0.26430885 | S36: =SUM(F36,K36,P36) -> 0.74478914 | T36: 0.0086066662 | U36: 0.29035003 | V36: 0.69814063 | W36: =SUM((Q36-T36)^2, (R36-U36)^2, (S36-V36)^2) -> 0.0031746259 | X36: =Q36-Q35 -> 0.00079623656 | Y36: =R36-R35 -> -0.024848079 | Z36: =S36-S35 -> 0.024434702 | AA36: =(X36+$AG$27*Q36*R36)^2 -> 7.9158328e-08 | AB36: =(Y36-$AG$27*Q36*R36+$AG$26*R36)^2 -> 3.7737177e-05 | AC36: =(Z36-$AG$26*R36)^2 -> 4.6338914e-05 | AD36: =(1 - SUM(Q36:S36))^2 -> 3.8040434e-08
A37: 35 | B37: =$AG$2*A37+$AG$3 -> -258.29603 | C37: =1/(1+EXP(-B37)) -> 6.6597493e-113 | D37: =$AG$4*C37+$AG$5 -> -4.7908518 | E37: =$AG$6*C37+$AG$7 -> -2.2995981 | F37: =$AG$6*C37+$AG$7 -> -2.2995981 | G37: =$AG$10*A37+$AG$11 -> -1.7799921 | H37: =TANH(G37) -> -0.94469431 | I37: =$AG$12*H37+$AG$13 -> -0.84334636 | J37: =$AG$14*H37+$AG$15 -> 13.077848 | K37: =$AG$16*H37+$AG$17 -> -5.6056076 | L37: =$AG$18*A37+$AG$19 -> -1.6527317 | M37: =TANH(L37) -> -0.92923152 | N37: =$AG$20*M37+$AG$21 -> 5.6261334 | O37: =$AG$22*M37+$AG$23 -> -10.536295 | P37: =$AG$24*M37+$AG$25 -> 8.6714643 | Q37: =SUM(D37,I37,N37) -> -0.0080647402 | R37: =SUM(E37,J37,O37) -> 0.24195452 | S37: =SUM(F37,K37,P37) -> 0.76625866 | T37: 0.007357598 | U37: 0.27250954 | V37: 0.71941412 | W37: =SUM((Q37-T37)^2, (R37-U37)^2, (S37-V37)^2) -> 0.0033658691 | X37: =Q37-Q36 -> 0.0012282877 | Y37: =R37-R36 -> -0.022354328 | Z37: =S37-S36 -> 0.021469515 | AA37: =(X37+$AG$27*Q37*R37)^2 -> 1.3854832e-07 | AB37: =(Y37-$AG$27*Q37*R37+$AG$26*R37)^2 -> 2.8747785e-05 | AC37: =(Z37-$AG$26*R37)^2 -> 2.8440351e-05 | AD37: =(1 - SUM(Q37:S37))^2 -> 2.2032835e-08
A38: 36 | B38: =$AG$2*A38+$AG$3 -> -265.41022 | C38: =1/(1+EXP(-B38)) -> 5.4175674e-116 | D38: =$AG$4*C38+$AG$5 -> -4.7908518 | E38: =$AG$6*C38+$AG$7 -> -2.2995981 | F38: =$AG$6*C38+$AG$7 -> -2.2995981 | G38: =$AG$10*A38+$AG$11 -> -1.879474 | H38: =TANH(G38) -> -0.9544453 | I38: =$AG$12*H38+$AG$13 -> -0.87967397 | J38: =$AG$14*H38+$AG$15 -> 13.172245 | K38: =$AG$16*H38+$AG$17 -> -5.6650693 | L38: =$AG$18*A38+$AG$19 -> -1.7472337 | M38: =TANH(L38) -> -0.94105987 | N38: =$AG$20*M38+$AG$21 -> 5.6639425 | O38: =$AG$22*M38+$AG$23 -> -10.650619 | P38: =$AG$24*M38+$AG$25 -> 8.7496768 | Q38: =SUM(D38,I38,N38) -> -0.0065833056 | R38: =SUM(E38,J38,O38) -> 0.22202777 | S38: =SUM(F38,K38,P38) -> 0.78500942 | T38: 0.0028505375 | U38: 0.25622929 | V38: 0.73983759 | W38: =SUM((Q38-T38)^2, (R38-U38)^2, (S38-V38)^2) -> 0.0032992362 | X38: =Q38-Q37 -> 0.0014814346 | Y38: =R38-R37 -> -0.019926749 | Z38: =S38-S37 -> 0.018750764 | AA38: =(X38+$AG$27*Q38*R38)^2 -> 7.0589149e-07 | AB38: =(Y38-$AG$27*Q38*R38+$AG$26*R38)^2 -> 2.005149e-05 | AC38: =(Z38-$AG$26*R38)^2 -> 1.5548545e-05 | AD38: =(1 - SUM(Q38:S38))^2 -> 2.0601014e-07
A39: 37 | B39: =$AG$2*A39+$AG$3 -> -272.52441 | C39: =1/(1+EXP(-B39)) -> 4.4070782e-119 | D39: =$AG$4*C39+$AG$5 -> -4.7908518 | E39: =$AG$6*C39+$AG$7 -> -2.2995981 | F39: =$AG$6*C39+$AG$7 -> -2.2995981 | G39: =$AG$10*A39+$AG$11 -> -1.9789558 | H39: =TANH(G39) -> -0.96251023 | I39: =$AG$12*H39+$AG$13 -> -0.9097201 | J39: =$AG$14*H39+$AG$15 -> 13.25032 | K39: =$AG$16*H39+$AG$17 -> -5.7142494 | L39: =$AG$18*A39+$AG$19 -> -1.8417357 | M39: =TANH(L39) -> -0.95096147 | N39: =$AG$20*M39+$AG$21 -> 5.6955927 | O39: =$AG$22*M39+$AG$23 -> -10.746321 | P39: =$AG$24*M39+$AG$25 -> 8.815149 | Q39: =SUM(D39,I39,N39) -> -0.0049792253 | R39: =SUM(E39,J39,O39) -> 0.20440119 | S39: =SUM(F39,K39,P39) -> 0.80130155 | T39: -0.00021838522 | U39: 0.23591032 | V39: 0.75684413 | W39: =SUM((Q39-T39)^2, (R39-U39)^2, (S39-V39)^2) -> 0.0029919524 | X39: =Q39-Q38 -> 0.0016040803 | Y39: =R39-R38 -> -0.017626575 | Z39: =S39-S38 -> 0.016292133 | AA39: =(X39+$AG$27*Q39*R39)^2 -> 1.3399748e-06 | AB39: =(Y39-$AG$27*Q39*R39+$AG$26*R39)^2 -> 1.258851e-05 | AC39: =(Z39-$AG$26*R39)^2 -> 7.0761073e-06 | AD39: =(1 - SUM(Q39:S39))^2 -> 5.2348477e-07
... A61: 59 | B61: =$AG$2*A61+$AG$3 -> -429.0366 | C61: =1/(1+EXP(-B61)) -> 4.696479e-187 | D61: =$AG$4*C61+$AG$5 -> -4.7908518 | E61: =$AG$6*C61+$AG$7 -> -2.2995981 | F61: =$AG$6*C61+$AG$7 -> -2.2995981 | G61: =$AG$10*A61+$AG$11 -> -4.1675559 | H61: =TANH(G61) -> -0.99952023 | I61: =$AG$12*H61+$AG$13 -> -1.0476019 | J61: =$AG$14*H61+$AG$15 -> 13.608606 | K61: =$AG$16*H61+$AG$17 -> -5.9399371 | L61: =$AG$18*A61+$AG$19 -> -3.9207796 | M61: =TANH(L61) -> -0.9992142 | N61: =$AG$20*M61+$AG$21 -> 5.8498313 | O61: =$AG$22*M61+$AG$23 -> -11.212696 | P61: =$AG$24*M61+$AG$25 -> 9.13421 | Q61: =SUM(D61,I61,N61) -> 0.011377566 | R61: =SUM(E61,J61,O61) -> 0.096312355 | S61: =SUM(F61,K61,P61) -> 0.89467483 | T61: -0.00010788248 | U61: 0.053596926 | V61: 0.94100736 | W61: =SUM((Q61-T61)^2, (R61-U61)^2, (S61-V61)^2) -> 0.0041032272 | X61: =Q61-Q60 -> 0.00012896313 | Y61: =R61-R60 -> -0.00055721347 | Z61: =S61-S60 -> 0.00043662729 | AA61: =(X61+$AG$27*Q61*R61)^2 -> 3.7174427e-07 | AB61: =(Y61-$AG$27*Q61*R61+$AG$26*R61)^2 -> 2.9002085e-05 | AC61: =(Z61-$AG$26*R61)^2 -> 3.5840455e-05 | AD61: =(1 - SUM(Q61:S61))^2 -> 5.5920392e-06

Sheet Estimation with 4 Neurons
A1: Day | B1: f11 | C1: f12 | D1: f13S Predicted | E1: f13I Predicted | F1: f13R Predicted | G1: f21 | H1: f22 | I1: f23S Predicted | J1: f23I Predicted | K1: f23R Predicted | L1: f31 | M1: f32 | N1: f33S Predicted | O1: f33I Predicted | P1: f33R Predicted | Q1: f41 | R1: f42 | S1: f43S Predicted | T1: f43I Predicted | U1: f43R Predicted | V1: S Pred | W1: I Pred | X1: R Pred | Y1: S Real | Z1: I Real | AA1: R Real | AB1: MSE | AC1: dS/dt | AD1: dI/dt | AE1: dR/dt | AF1: E1 | AG1: E2 | AH1: E3 | AI1: E4 | AK1: Parameter | AL1: Value | AN1: MSE | AO1: =AVERAGE(AB2:AB61) -> 0.00087545604
A2: 0 | B2: =$AL$2*A2+$AL$3 -> -9.048464 | C2: =1/(1+EXP(-B2)) -> 0.00011755767 | D2: =$AL$4*C2+$AL$5 -> -6.4699241 | E2: =$AL$6*C2+$AL$7 -> 1.4526127 | F2: =$AL$6*C2+$AL$7 -> 1.4526127 | G2: =$AL$10*A2+$AL$11 -> -2.6669356 | H2: =TANH(G2) -> -0.99039564 | I2: =$AL$12*H2+$AL$13 -> -10.563347 | J2: =$AL$14*H2+$AL$15 -> -3.429203 | K2: =$AL$16*H2+$AL$17 -> -2.793732 | L2: =$AL$18*A2+$AL$19 -> -2.6727903 | M2: =TANH(L2) -> -0.99050691 | N2: =$AL$20*M2+$AL$21 -> 11.719919 | O2: =$AL$22*M2+$AL$23 -> 8.4718069 | P2: =$AL$24*M2+$AL$25 -> 2.8576935 | Q2: =$AL$26*A2+$AL$27 -> -2.1010323 | R2: =TANH(Q2) -> -0.97051198 | S2: =$AL$28*R2+$AL$29 -> 6.3338303 | T2: =$AL$30*R2+$AL$31 -> -6.4897968 | U2: =$AL$32*R2+$AL$33 -> -1.5500809 | V2: =SUM(D2,I2,N2,S2) -> 1.0204777 | W2: =SUM(E2,J2,O2,T2) -> 0.0054198091 | X2: =SUM(F2,K2,P2,U2) -> -0.033506799 | Y2: 0.99916903 | Z2: -0.00051644142 | AA2: 0.0012964653 | AB2: =SUM((V2-Y2)^2, (W2-Z2)^2, (X2-AA2)^2) -> 0.0017005675 | AI2: =(1 - SUM(V2:X2))^2 -> 5.7900665e-05 | AK2: w11 | AL2: -5.9475458 | AM2: -7.1141902 | AN2: DINN | AO2: =AVERAGE(AF3:AI61) -> 2.2789733e-05
A3: 1 | B3: =$AL$2*A3+$AL$3 -> -14.99601 | C3: =1/(1+EXP(-B3)) -> 3.071253e-07 | D3: =$AL$4*C3+$AL$5 -> -6.4693249 | E3: =$AL$6*C3+$AL$7 -> 1.451508 | F3: =$AL$6*C3+$AL$7 -> 1.451508 | G3: =$AL$10*A3+$AL$11 -> -2.4965295 | H3: =TANH(G3) -> -0.98652169 | I3: =$AL$12*H3+$AL$13 -> -10.530202 | J3: =$AL$14*H3+$AL$15 -> -3.4156309 | K3: =$AL$16*H3+$AL$17 -> -2.7717913 | L3: =$AL$18*A3+$AL$19 -> -2.5020011 | M3: =TANH(L3) -> -0.98666741 | N3: =$AL$20*M3+$AL$21 -> 11.685128 | O3: =$AL$22*M3+$AL$23 -> 8.4601839 | P3: =$AL$24*M3+$AL$25 -> 2.8361369 | Q3: =$AL$26*A3+$AL$27 -> -2.0224375 | R3: =TANH(Q3) -> -0.96557899 | S3: =$AL$28*R3+$AL$29 -> 6.3338 | T3: =$AL$30*R3+$AL$31 -> -6.4919987 | U3: =$AL$32*R3+$AL$33 -> -1.5479292 | V3: =SUM(D3,I3,N3,S3) -> 1.019401 | W3: =SUM(E3,J3,O3,T3) -> 0.0040622785 | X3: =SUM(F3,K3,P3,U3) -> -0.032075529 | Y3: 0.98960194 | Z3: 0.0021639113 | AA3: 0.002694591 | AB3: =SUM((V3-Y3)^2, (W3-Z3)^2, (X3-AA3)^2) -> 0.0021005488 | AC3: =V3-V2 -> -0.0010767497 | AD3: =W3-W2 -> -0.0013575306 | AE3: =X3-X2 -> 0.0014312701 | AF3: =(AC3+$AL$35*V3*W3)^2 -> 1.1700779e-06 | AG3: =(AD3-$AL$35*V3*W3+$AL$34*W3)^2 -> 1.0383526e-05 | AH3: =(AE3-$AL$34*W3)^2 -> 1.2942164e-06 | AI3: =(1 - SUM(V3:X3))^2 -> 7.4171001e-05 | AK3: b11 | AL3: -9.048464 | AM3: -9.2993754 | AN3: MSE + DINN | AO3: =SUM(AO1:AO2) -> 0.00089824578
A4: 2 | B4: =$AL$2*A4+$AL$3 -> -20.943555 | C4: =1/(1+EXP(-B4)) -> 8.0228639e-10 | D4: =$AL$4*C4+$AL$5 -> -6.4693234 | E4: =$AL$6*C4+$AL$7 -> 1.4515051 | F4: =$AL$6*C4+$AL$7 -> 1.4515051 | G4: =$AL$10*A4+$AL$11 -> -2.3261234 | H4: =TANH(G4) -> -0.98110002 | I4: =$AL$12*H4+$AL$13 -> -10.483815 | J4: =$AL$14*H4+$AL$15 -> -3.3966366 | K4: =$AL$16*H4+$AL$17 -> -2.7410847 | L4: =$AL$18*A4+$AL$19 -> -2.331212 | M4: =TANH(L4) -> -0.9812896 | N4: =$AL$20*M4+$AL$21 -> 11.636399 | O4: =$AL$22*M4+$AL$23 -> 8.4439041 | P4: =$AL$24*M4+$AL$25 -> 2.8059438 | Q4: =$AL$26*A4+$AL$27 -> -1.9438427 | R4: =TANH(Q4) -> -0.95983759 | S4: =$AL$28*R4+$AL$29 -> 6.3337648 | T4: =$AL$30*R4+$AL$31 -> -6.4945614 | U4: =$AL$32*R4+$AL$33 -> -1.5454248 | V4: =SUM(D4,I4,N4,S4) -> 1.017025 | W4: =SUM(E4,J4,O4,T4) -> 0.0042112454 | X4: =SUM(F4,K4,P4,U4) -> -0.029060684 | Y4: 1.0027007 | Z4: 0.0033100596 | AA4: -0.0047185297 | AB4: =SUM((V4-Y4)^2, (W4-Z4)^2, (X4-AA4)^2) -> 0.00079853865 | AC4: =V4-V3 -> -0.0023760005 | AD4: =W4-W3 -> 0.00014896691 | AE4: =X4-X3 -> 0.0030148446 | AF4: =(AC4+$AL$35*V4*W4)^2 -> 2.0624612e-08 | AG4: =(AD4-$AL$35*V4*W4+$AL$34*W4)^2 -> 3.1649096e-06 | AH4: =(AE4-$AL$34*W4)^2 -> 7.3465013e-06 | AI4: =(1 - SUM(V4:X4))^2 -> 6.1221983e-05 | AK4: w12S | AL4: -5.1099296 | AM4: -4.1942052
A5: 3 | B5: =$AL$2*A5+$AL$3 -> -26.891101 | C5: =1/(1+EXP(-B5)) -> 2.0957676e-12 | D5: =$AL$4*C5+$AL$5 -> -6.4693234 | E5: =$AL$6*C5+$AL$7 -> 1.4515051 | F5: =$AL$6*C5+$AL$7 -> 1.4515051 | G5: =$AL$10*A5+$AL$11 -> -2.1557172 | H5: =TANH(G5) -> -0.97352654 | I5: =$AL$12*H5+$AL$13 -> -10.419017 | J5: =$AL$14*H5+$AL$15 -> -3.3701035 | K5: =$AL$16*H5+$AL$17 -> -2.698191 | L5: =$AL$18*A5+$AL$19 -> -2.1604228 | M5: =TANH(L5) -> -0.97377126 | N5: =$AL$20*M5+$AL$21 -> 11.568273 | O5: =$AL$22*M5+$AL$23 -> 8.4211444 | P5: =$AL$24*M5+$AL$25 -> 2.7637327 | Q5: =$AL$26*A5+$AL$27 -> -1.8652478 | R5: =TANH(Q5) -> -0.95316134 | S5: =$AL$28*R5+$AL$29 -> 6.3337238 | T5: =$AL$30*R5+$AL$31 -> -6.4975414 | U5: =$AL$32*R5+$AL$33 -> -1.5425127 | V5: =SUM(D5,I5,N5,S5) -> 1.0136564 | W5: =SUM(E5,J5,O5,T5) -> 0.0050046282 | X5: =SUM(F5,K5,P5,U5) -> -0.025465895 | Y5: 0.99110329 | Z5: 0.0015165638 | AA5: 0.0024789689 | AB5: =SUM((V5-Y5)^2, (W5-Z5)^2, (X5-AA5)^2) -> 0.0013017259 | AC5: =V5-V4 -> -0.0033685636 | AD5: =W5-W4 -> 0.00079338279 | AE5: =X5-X4 -> 0.0035947887 | AF5: =(AC5+$AL$35*V5*W5)^2 -> 5.2474005e-07 | AG5: =(AD5-$AL$35*V5*W5+$AL$34*W5)^2 -> 2.2172451e-06 | AH5: =(AE5-$AL$34*W5)^2 -> 1.0452541e-05 | AI5: =(1 - SUM(V5:X5))^2 -> 4.6305846e-05 | AK5: b12S | AL5: -6.4693234 | AM5: -4.7908518
A6: 4 | B6: =$AL$2*A6+$AL$3 -> -32.838647 | C6: =1/(1+EXP(-B6)) -> 5.4746558e-15 | D6: =$AL$4*C6+$AL$5 -> -6.4693234 | E6: =$AL$6*C6+$AL$7 -> 1.4515051 | F6: =$AL$6*C6+$AL$7 -> 1.4515051 | G6: =$AL$10*A6+$AL$11 -> -1.9853111 | H6: =TANH(G6) -> -0.96297497 | I6: =$AL$12*H6+$AL$13 -> -10.328739 | J6: =$AL$14*H6+$AL$15 -> -3.3331369 | K6: =$AL$16*H6+$AL$17 -> -2.6384304 | L6: =$AL$18*A6+$AL$19 -> -1.9896336 | M6: =TANH(L6) -> -0.96328782 | N6: =$AL$20*M6+$AL$21 -> 11.47328 | O6: =$AL$22*M6+$AL$23 -> 8.3894087 | P6: =$AL$24*M6+$AL$25 -> 2.7048744 | Q6: =$AL$26*A6+$AL$27 -> -1.786653 | R6: =TANH(Q6) -> -0.94540622 | S6: =$AL$28*R6+$AL$29 -> 6.3336762 | T6: =$AL$30*R6+$AL$31 -> -6.501003 | U6: =$AL$32*R6+$AL$33 -> -1.53913 | V6: =SUM(D6,I6,N6,S6) -> 1.008894 | W6: =SUM(E6,J6,O6,T6) -> 0.0067739196 | X6: =SUM(F6,K6,P6,U6) -> -0.021180871 | Y6: 0.99855053 | Z6: 0.0020051112 | AA6: 0.0038636349 | AB6: =SUM((V6-Y6)^2, (W6-Z6)^2, (X6-AA6)^2) -> 0.00075695531 | AC6: =V6-V5 -> -0.0047624673 | AD6: =W6-W5 -> 0.0017692914 | AE6: =X6-X5 -> 0.0042850248 | AF6: =(AC6+$AL$35*V6*W6)^2 -> 1.4407456e-06 | AG6: =(AD6-$AL$35*V6*W6+$AL$34*W6)^2 -> 1.6983977e-06 | AH6: =(AE6-$AL$34*W6)^2 -> 1.440495e-05 | AI6: =(1 - SUM(V6:X6))^2 -> 3.0393069e-05 | AK6: w12I | AL6: 9.4213816 | AM6: 8.4883201
A7: 5 | B7: =$AL$2*A7+$AL$3 -> -38.786193 | C7: =1/(1+EXP(-B7)) -> 1.4301135e-17 | D7: =$AL$4*C7+$AL$5 -> -6.4693234 | E7: =$AL$6*C7+$AL$7 -> 1.4515051 | F7: =$AL$6*C7+$AL$7 -> 1.4515051 | G7: =$AL$10*A7+$AL$11 -> -1.814905 | H7: =TANH(G7) -> -0.94832796 | I7: =$AL$12*H7+$AL$13 -> -10.203421 | J7: =$AL$14*H7+$AL$15 -> -3.2818223 | K7: =$AL$16*H7+$AL$17 -> -2.5554746 | L7: =$AL$18*A7+$AL$19 -> -1.8188445 | M7: =TANH(L7) -> -0.94872308 | N7: =$AL$20*M7+$AL$21 -> 11.341306 | O7: =$AL$22*M7+$AL$23 -> 8.345318 | P7: =$AL$24*M7+$AL$25 -> 2.6231021 | Q7: =$AL$26*A7+$AL$27 -> -1.7080582 | R7: =TANH(Q7) -> -0.93640887 | S7: =$AL$28*R7+$AL$29 -> 6.333621 | T7: =$AL$30*R7+$AL$31 -> -6.505019 | U7: =$AL$32*R7+$AL$33 -> -1.5352054 | V7: =SUM(D7,I7,N7,S7) -> 1.0021824 | W7: =SUM(E7,J7,O7,T7) -> 0.0099817866 | X7: =SUM(F7,K7,P7,U7) -> -0.01607284 | Y7: 0.99334815 | Z7: 0.0057859344 | AA7: -0.0046798608 | AB7: =SUM((V7-Y7)^2, (W7-Z7)^2, (X7-AA7)^2) -> 0.0002254492 | AC7: =V7-V6 -> -0.0067115527 | AD7: =W7-W6 -> 0.003207867 | AE7: =X7-X6 -> 0.0051080306 | AF7: =(AC7+$AL$35*V7*W7)^2 -> 2.242251e-06 | AG7: =(AD7-$AL$35*V7*W7+$AL$34*W7)^2 -> 1.6506009e-06 | AH7: =(AE7-$AL$34*W7)^2 -> 1.924153e-05 | AI7: =(1 - SUM(V7:X7))^2 -> 1.5277514e-05 | AK7: b12I | AL7: 1.4515051 | AM7: -2.2995981
A8: 6 | B8: =$AL$2*A8+$AL$3 -> -44.733739 | C8: =1/(1+EXP(-B8)) -> 3.7358051e-20 | D8: =$AL$4*C8+$AL$5 -> -6.4693234 | E8: =$AL$6*C8+$AL$7 -> 1.4515051 | F8: =$AL$6*C8+$AL$7 -> 1.4515051 | G8: =$AL$10*A8+$AL$11 -> -1.6444988 | H8: =TANH(G8) -> -0.92809886 | I8: =$AL$12*H8+$AL$13 -> -10.030343 | J8: =$AL$14*H8+$AL$15 -> -3.2109513 | K8: =$AL$16*H8+$AL$17 -> -2.4409037 | L8: =$AL$18*A8+$AL$19 -> -1.6480553 | M8: =TANH(L8) -> -0.92859028 | N8: =$AL$20*M8+$AL$21 -> 11.158877 | O8: =$AL$22*M8+$AL$23 -> 8.2843716 | P8: =$AL$24*M8+$AL$25 -> 2.5100684 | Q8: =$AL$26*A8+$AL$27 -> -1.6294634 | R8: =TANH(Q8) -> -0.92598513 | S8: =$AL$28*R8+$AL$29 -> 6.333557 | T8: =$AL$30*R8+$AL$31 -> -6.5096718 | U8: =$AL$32*R8+$AL$33 -> -1.5306587 | V8: =SUM(D8,I8,N8,S8) -> 0.99276822 | W8: =SUM(E8,J8,O8,T8) -> 0.015253571 | X8: =SUM(F8,K8,P8,U8) -> -0.0099889422 | Y8: 0.98283074 | Z8: 0.012651331 | AA8: 0.0030346095 | AB8: =SUM((V8-Y8)^2, (W8-Z8)^2, (X8-AA8)^2) -> 0.00027513817 | AC8: =V8-V7 -> -0.0094141844 | AD8: =W8-W7 -> 0.0052717841 | AE8: =X8-X7 -> 0.0060838978 | AF8: =(AC8+$AL$35*V8*W8)^2 -> 2.3137396e-06 | AG8: =(AD8-$AL$35*V8*W8+$AL$34*W8)^2 -> 2.3065342e-06 | AH8: =(AE8-$AL$34*W8)^2 -> 2.4813584e-05 | AI8: =(1 - SUM(V8:X8))^2 -> 3.869673e-06 | AK8: w12R | AL8: -9.1323662 | AM8: -2.6430285
A9: 7 | B9: =$AL$2*A9+$AL$3 -> -50.681284 | C9: =1/(1+EXP(-B9)) -> 9.7588335e-23 | D9: =$AL$4*C9+$AL$5 -> -6.4693234 | E9: =$AL$6*C9+$AL$7 -> 1.4515051 | F9: =$AL$6*C9+$AL$7 -> 1.4515051 | G9: =$AL$10*A9+$AL$11 -> -1.4740927 | H9: =TANH(G9) -> -0.90035531 | I9: =$AL$12*H9+$AL$13 -> -9.792972 | J9: =$AL$14*H9+$AL$15 -> -3.1137541 | K9: =$AL$16*H9+$AL$17 -> -2.2837734 | L9: =$AL$18*A9+$AL$19 -> -1.4772661 | M9: =TANH(L9) -> -0.90095452 | N9: =$AL$20*M9+$AL$21 -> 10.908463 | O9: =$AL$22*M9+$AL$23 -> 8.200712 | P9: =$AL$24*M9+$AL$25 -> 2.35491 | Q9: =$AL$26*A9+$AL$27 -> -1.5508686 | R9: =TANH(Q9) -> -0.9139287 | S9: =$AL$28*R9+$AL$29 -> 6.333483 | T9: =$AL$30*R9+$AL$31 -> -6.5150533 | U9: =$AL$32*R9+$AL$33 -> -1.5253998 | V9: =SUM(D9,I9,N9,S9) -> 0.97965081 | W9: =SUM(E9,J9,O9,T9) -> 0.02340976 | X9: =SUM(F9,K9,P9,U9) -> -0.00275813 | Y9: 0.97539399 | Z9: 0.020354 | AA9: 0.007466831 | AB9: =SUM((V9-Y9)^2, (W9-Z9)^2, (X9-AA9)^2) -> 0.00013200805 | AC9: =V9-V8 -> -0.01311741 | AD9: =W9-W8 -> 0.008156189 | AE9: =X9-X8 -> 0.0072308122 | AF9: =(AC9+$AL$35*V9*W9)^2 -> 1.3546469e-06 | AG9: =(AD9-$AL$35*V9*W9+$AL$34*W9)^2 -> 4.4318674e-06 | AH9: =(AE9-$AL$34*W9)^2 -> 3.0677019e-05 | AI9: =(1 - SUM(V9:X9))^2 -> 9.147138e-08 | AK9: b12R | AL9: 6.5488543 | AM9: 1.1276781
A10: 8 | B10: =$AL$2*A10+$AL$3 -> -56.62883 | C10: =1/(1+EXP(-B10)) -> 2.5492452e-25 | D10: =$AL$4*C10+$AL$5 -> -6.4693234 | E10: =$AL$6*C10+$AL$7 -> 1.4515051 | F10: =$AL$6*C10+$AL$7 -> 1.4515051 | G10: =$AL$10*A10+$AL$11 -> -1.3036866 | H10: =TANH(G10) -> -0.8626692 | I10: =$AL$12*H10+$AL$13 -> -9.4705336 | J10: =$AL$14*H10+$AL$15 -> -2.9817239 | K10: =$AL$16*H10+$AL$17 -> -2.0703317 | L10: =$AL$18*A10+$AL$19 -> -1.306477 | M10: =TANH(L10) -> -0.86338127 | N10: =$AL$20*M10+$AL$21 -> 10.568003 | O10: =$AL$22*M10+$AL$23 -> 8.0869695 | P10: =$AL$24*M10+$AL$25 -> 2.1439585 | Q10: =$AL$26*A10+$AL$27 -> -1.4722738 | R10: =TANH(Q10) -> -0.90001032 | S10: =$AL$28*R10+$AL$29 -> 6.3333975 | T10: =$AL$30*R10+$AL$31 -> -6.5212659 | U10: =$AL$32*R10+$AL$33 -> -1.5193287 | V10: =SUM(D10,I10,N10,S10) -> 0.96154351 | W10: =SUM(E10,J10,O10,T10) -> 0.035484832 | X10: =SUM(F10,K10,P10,U10) -> 0.005803132 | Y10: 0.96249141 | Z10: 0.033533967 | AA10: 0.0091761695 | AB10: =SUM((V10-Y10)^2, (W10-Z10)^2, (X10-AA10)^2) -> 1.6081763e-05 | AC10: =V10-V9 -> -0.018107301 | AD10: =W10-W9 -> 0.012075073 | AE10: =X10-X9 -> 0.008561262 | AF10: =(AC10+$AL$35*V10*W10)^2 -> 1.0426686e-07 | AG10: =(AD10-$AL$35*V10*W10+$AL$34*W10)^2 -> 9.8870866e-06 | AH10: =(AE10-$AL$34*W10)^2 -> 3.5955744e-05 | AI10: =(1 - SUM(V10:X10))^2 -> 8.0172542e-06 | AK10: w21 | AL10: 0.17040613 | AM10: -0.099481824
A11: 9 | B11: =$AL$2*A11+$AL$3 -> -62.576376 | C11: =1/(1+EXP(-B11)) -> 6.6592497e-28 | D11: =$AL$4*C11+$AL$5 -> -6.4693234 | E11: =$AL$6*C11+$AL$7 -> 1.4515051 | F11: =$AL$6*C11+$AL$7 -> 1.4515051 | G11: =$AL$10*A11+$AL$11 -> -1.1332804 | H11: =TANH(G11) -> -0.81213901 | I11: =$AL$12*H11+$AL$13 -> -9.0382027 | J11: =$AL$14*H11+$AL$15 -> -2.8046955 | K11: =$AL$16*H11+$AL$17 -> -1.7841455 | L11: =$AL$18*A11+$AL$19 -> -1.1356878 | M11: =TANH(L11) -> -0.81295694 | N11: =$AL$20*M11+$AL$21 -> 10.111096 | O11: =$AL$22*M11+$AL$23 -> 7.9343239 | P11: =$AL$24*M11+$AL$25 -> 1.8608558 | Q11: =$AL$26*A11+$AL$27 -> -1.393679 | R11: =TANH(Q11) -> -0.88397768 | S11: =$AL$28*R11+$AL$29 -> 6.3332991 | T11: =$AL$30*R11+$AL$31 -> -6.5284222 | U11: =$AL$32*R11+$AL$33 -> -1.5123354 | V11: =SUM(D11,I11,N11,S11) -> 0.93686909 | W11: =SUM(E11,J11,O11,T11) -> 0.0527113 | X11: =SUM(F11,K11,P11,U11) -> 0.015880054 | Y11: 0.94450237 | Z11: 0.047496166 | AA11: 0.007522534 | AB11: =SUM((V11-Y11)^2, (W11-Z11)^2, (X11-AA11)^2) -> 0.00015531269 | AC11: =V11-V10 -> -0.024674418 | AD11: =W11-W10 -> 0.017226467 | AE11: =X11-X10 -> 0.010076922 | AF11: =(AC11+$AL$35*V11*W11)^2 -> 1.1356603e-06 | AG11: =(AD11-$AL$35*V11*W11+$AL$34*W11)^2 -> 2.2122839e-05 | AH11: =(AE11-$AL$34*W11)^2 -> 3.9272658e-05 | AI11: =(1 - SUM(V11:X11))^2 -> 2.9816482e-05 | AK11: b21 | AL11: -2.6669356 | AM11: 1.7018717
A12: 10 | B12: =$AL$2*A12+$AL$3 -> -68.523922 | C12: =1/(1+EXP(-B12)) -> 1.7395583e-30 | D12: =$AL$4*C12+$AL$5 -> -6.4693234 | E12: =$AL$6*C12+$AL$7 -> 1.4515051 | F12: =$AL$6*C12+$AL$7 -> 1.4515051 | G12: =$AL$10*A12+$AL$11 -> -0.96287432 | H12: =TANH(G12) -> -0.74555622 | I12: =$AL$12*H12+$AL$13 -> -8.4685276 | J12: =$AL$14*H12+$AL$15 -> -2.5714282 | K12: =$AL$16*H12+$AL$17 -> -1.4070426 | L12: =$AL$18*A12+$AL$19 -> -0.96489862 | M12: =TANH(L12) -> -0.74645395 | N12: =$AL$20*M12+$AL$21 -> 9.5084967 | O12: =$AL$22*M12+$AL$23 -> 7.7330046 | P12: =$AL$24*M12+$AL$25 -> 1.4874811 | Q12: =$AL$26*A12+$AL$27 -> -1.3150842 | R12: =TANH(Q12) -> -0.86555622 | S12: =$AL$28*R12+$AL$29 -> 6.333186 | T12: =$AL$30*R12+$AL$31 -> -6.5366448 | U12: =$AL$32*R12+$AL$33 -> -1.5043001 | V12: =SUM(D12,I12,N12,S12) -> 0.90383172 | W12: =SUM(E12,J12,O12,T12) -> 0.076436788 | X12: =SUM(F12,K12,P12,U12) -> 0.027643424 | Y12: 0.91819898 | Z12: 0.067597221 | AA12: 0.0032927993 | AB12: =SUM((V12-Y12)^2, (W12-Z12)^2, (X12-AA12)^2) -> 0.00087750901 | AC12: =V12-V11 -> -0.033037371 | AD12: =W12-W11 -> 0.023725488 | AE12: =X12-X11 -> 0.01176337 | AF12: =(AC12+$AL$35*V12*W12)^2 -> 8.8337364e-06 | AG12: =(AD12-$AL$35*V12*W12+$AL$34*W12)^2 -> 4.5683546e-05 | AH12: =(AE12-$AL$34*W12)^2 -> 3.8916228e-05 | AI12: =(1 - SUM(V12:X12))^2 -> 6.2598702e-05 | AK12: w22S | AL12: 8.5558923 | AM12: 3.7255293
A13: 11 | B13: =$AL$2*A13+$AL$3 -> -74.471467 | C13: =1/(1+EXP(-B13)) -> 4.5441503e-33 | D13: =$AL$4*C13+$AL$5 -> -6.4693234 | E13: =$AL$6*C13+$AL$7 -> 1.4515051 | F13: =$AL$6*C13+$AL$7 -> 1.4515051 | G13: =$AL$10*A13+$AL$11 -> -0.79246819 | H13: =TANH(G13) -> -0.65980499 | I13: =$AL$12*H13+$AL$13 -> -7.7348493 | J13: =$AL$14*H13+$AL$15 -> -2.2710057 | K13: =$AL$16*H13+$AL$17 -> -0.92137604 | L13: =$AL$18*A13+$AL$19 -> -0.79410946 | M13: =TANH(L13) -> -0.66073074 | N13: =$AL$20*M13+$AL$21 -> 8.7317382 | O13: =$AL$22*M13+$AL$23 -> 7.4735015 | P13: =$AL$24*M13+$AL$25 -> 1.0061962 | Q13: =$AL$26*A13+$AL$27 -> -1.2364894 | R13: =TANH(Q13) -> -0.84445138 | S13: =$AL$28*R13+$AL$29 -> 6.3330565 | T13: =$AL$30*R13+$AL$31 -> -6.5460651 | U13: =$AL$32*R13+$AL$33 -> -1.4950944 | V13: =SUM(D13,I13,N13,S13) -> 0.86062199 | W13: =SUM(E13,J13,O13,T13) -> 0.10793573 | X13: =SUM(F13,K13,P13,U13) -> 0.041230845 | Y13: 0.89021614 | Z13: 0.095969398 | AA13: 0.019651499 | AB13: =SUM((V13-Y13)^2, (W13-Z13)^2, (X13-AA13)^2) -> 0.0014846753 | AC13: =V13-V12 -> -0.043209737 | AD13: =W13-W12 -> 0.031498944 | AE13: =X13-X12 -> 0.013587421 | AF13: =(AC13+$AL$35*V13*W13)^2 -> 2.7124019e-05 | AG13: =(AD13-$AL$35*V13*W13+$AL$34*W13)^2 -> 8.3118658e-05 | AH13: =(AE13-$AL$34*W13)^2 -> 3.3472005e-05 | AI13: =(1 - SUM(V13:X13))^2 -> 9.581596e-05 | AK13: b22S | AL13: -2.0896288 | AM13: 2.67614
A14: 12 | B14: =$AL$2*A14+$AL$3 -> -80.419013 | C14: =1/(1+EXP(-B14)) -> 1.1870428e-35 | D14: =$AL$4*C14+$AL$5 -> -6.4693234 | E14: =$AL$6*C14+$AL$7 -> 1.4515051 | F14: =$AL$6*C14+$AL$7 -> 1.4515051 | G14: =$AL$10*A14+$AL$11 -> -0.62206206 | H14: =TANH(G14) -> -0.55256212 | I14: =$AL$12*H14+$AL$13 -> -6.8172909 | J14: =$AL$14*H14+$AL$15 -> -1.8952891 | K14: =$AL$16*H14+$AL$17 -> -0.31398796 | L14: =$AL$18*A14+$AL$19 -> -0.62332029 | M14: =TANH(L14) -> -0.55343558 | N14: =$AL$20*M14+$AL$21 -> 7.7595111 | O14: =$AL$22*M14+$AL$23 -> 7.1486953 | P14: =$AL$24*M14+$AL$25 -> 0.40379758 | Q14: =$AL$26*A14+$AL$27 -> -1.1578946 | R14: =TANH(Q14) -> -0.82035256 | S14: =$AL$28*R14+$AL$29 -> 6.3329085 | T14: =$AL$30*R14+$AL$31 -> -6.5568219 | U14: =$AL$32*R14+$AL$33 -> -1.4845827 | V14: =SUM(D14,I14,N14,S14) -> 0.80580538 | W14: =SUM(E14,J14,O14,T14) -> 0.14808939 | X14: =SUM(F14,K14,P14,U14) -> 0.056732025 | Y14: 0.83105635 | Z14: 0.13982037 | AA14: 0.024532806 | AB14: =SUM((V14-Y14)^2, (W14-Z14)^2, (X14-AA14)^2) -> 0.0017427778 | AC14: =V14-V13 -> -0.054816604 | AD14: =W14-W13 -> 0.040153662 | AE14: =X14-X13 -> 0.01550118 | AF14: =(AC14+$AL$35*V14*W14)^2 -> 5.4495912e-05 | AG14: =(AD14-$AL$35*V14*W14+$AL$34*W14)^2 -> 0.00012861208 | AH14: =(AE14-$AL$34*W14)^2 -> 2.3009576e-05 | AI14: =(1 - SUM(V14:X14))^2 -> 0.00011292889 | AK14: w22I | AL14: 3.5034181 | AM14: -9.6807986
A15: 13 | B15: =$AL$2*A15+$AL$3 -> -86.366559 | C15: =1/(1+EXP(-B15)) -> 3.1008452e-38 | D15: =$AL$4*C15+$AL$5 -> -6.4693234 | E15: =$AL$6*C15+$AL$7 -> 1.4515051 | F15: =$AL$6*C15+$AL$7 -> 1.4515051 | G15: =$AL$10*A15+$AL$11 -> -0.45165593 | H15: =TANH(G15) -> -0.42325923 | I15: =$AL$12*H15+$AL$13 -> -5.7109893 | J15: =$AL$14*H15+$AL$15 -> -1.4422871 | K15: =$AL$16*H15+$AL$17 -> 0.41834081 | L15: =$AL$18*A15+$AL$19 -> -0.45253112 | M15: =TANH(L15) -> -0.42397737 | N15: =$AL$20*M15+$AL$21 -> 6.5864594 | O15: =$AL$22*M15+$AL$23 -> 6.7567967 | P15: =$AL$24*M15+$AL$25 -> -0.32303335 | Q15: =$AL$26*A15+$AL$27 -> -1.0792998 | R15: =TANH(Q15) -> -0.7929393 | S15: =$AL$28*R15+$AL$29 -> 6.3327403 | T15: =$AL$30*R15+$AL$31 -> -6.5690581 | U15: =$AL$32*R15+$AL$33 -> -1.4726253 | V15: =SUM(D15,I15,N15,S15) -> 0.73888699 | W15: =SUM(E15,J15,O15,T15) -> 0.19695668 | X15: =SUM(F15,K15,P15,U15) -> 0.074187287 | Y15: 0.77338802 | Z15: 0.1957633 | AA15: 0.038447975 | AB15: =SUM((V15-Y15)^2, (W15-Z15)^2, (X15-AA15)^2) -> 0.0024690433 | AC15: =V15-V14 -> -0.066918386 | AD15: =W15-W14 -> 0.048867283 | AE15: =X15-X14 -> 0.017455262 | AF15: =(AC15+$AL$35*V15*W15)^2 -> 7.9838024e-05 | AG15: =(AD15-$AL$35*V15*W15+$AL$34*W15)^2 -> 0.00016255462 | AH15: =(AE15-$AL$34*W15)^2 -> 1.0359622e-05 | AI15: =(1 - SUM(V15:X15))^2 -> 0.00010062013 | AK15: b22I | AL15: 0.040566971 | AM15: 3.9324522
... A25: 23 | B25: =$AL$2*A25+$AL$3 -> -145.84202 | C25: =1/(1+EXP(-B25)) -> 4.5879328e-64 | D25: =$AL$4*C25+$AL$5 -> -6.4693234 | E25: =$AL$6*C25+$AL$7 -> 1.4515051 | F25: =$AL$6*C25+$AL$7 -> 1.4515051 | G25: =$AL$10*A25+$AL$11 -> 1.2524054 | H25: =TANH(G25) -> 0.84895676 | I25: =$AL$12*H25+$AL$13 -> 5.1739538 | J25: =$AL$14*H25+$AL$15 -> 3.0148174 | K25: =$AL$16*H25+$AL$17 -> 7.623751 | L25: =$AL$18*A25+$AL$19 -> 1.2553605 | M25: =TANH(L25) -> 0.84978 | N25: =$AL$20*M25+$AL$21 -> -4.9553601 | O25: =$AL$22*M25+$AL$23 -> 2.9008514 | P25: =$AL$24*M25+$AL$25 -> -7.4744242 | Q25: =$AL$26*A25+$AL$27 -> -0.29335176 | R25: =TANH(Q25) -> -0.28521685 | S25: =$AL$28*R25+$AL$29 -> 6.3296235 | T25: =$AL$30*R25+$AL$31 -> -6.7956849 | U25: =$AL$32*R25+$AL$33 -> -1.2511612 | V25: =SUM(D25,I25,N25,S25) -> 0.078893802 | W25: =SUM(E25,J25,O25,T25) -> 0.57148911 | X25: =SUM(F25,K25,P25,U25) -> 0.34967062 | Y25: 0.076771549 | Z25: 0.55462506 | AA25: 0.37486334 | AB25: =SUM((V25-Y25)^2, (W25-Z25)^2, (X25-AA25)^2) -> 0.00092357357 | AC25: =V25-V24 -> -0.027096985 | AD25: =W25-W24 -> -0.0048782842 | AE25: =X25-X24 -> 0.034156911 | AF25: =(AC25+$AL$35*V25*W25)^2 -> 1.2934238e-05 | AG25: =(AD25-$AL$35*V25*W25+$AL$34*W25)^2 -> 0.00016718786 | AH25: =(AE25-$AL$34*W25)^2 -> 5.1151854e-05 | AI25: =(1 - SUM(V25:X25))^2 -> 2.8662436e-09 | AK25: b32R | AL25: -2.7034144 | AM25: 2.5271169
A26: 24 | B26: =$AL$2*A26+$AL$3 -> -151.78956 | C26: =1/(1+EXP(-B26)) -> 1.1984799e-66 | D26: =$AL$4*C26+$AL$5 -> -6.4693234 | E26: =$AL$6*C26+$AL$7 -> 1.4515051 | F26: =$AL$6*C26+$AL$7 -> 1.4515051 | G26: =$AL$10*A26+$AL$11 -> 1.4228115 | H26: =TANH(G26) -> 0.89018397 | I26: =$AL$12*H26+$AL$13 -> 5.5266894 | J26: =$AL$14*H26+$AL$15 -> 3.1592536 | K26: =$AL$16*H26+$AL$17 -> 7.8572483 | L26: =$AL$18*A26+$AL$19 -> 1.4261497 | M26: =TANH(L26) -> 0.89087484 | N26: =$AL$20*M26+$AL$21 -> -5.3277303 | O26: =$AL$22*M26+$AL$23 -> 2.7764483 | P26: =$AL$24*M26+$AL$25 -> -7.7051474 | Q26: =$AL$26*A26+$AL$27 -> -0.21475696 | R26: =TANH(Q26) -> -0.21151518 | S26: =$AL$28*R26+$AL$29 -> 6.3291711 | T26: =$AL$30*R26+$AL$31 -> -6.8285823 | U26: =$AL$32*R26+$AL$33 -> -1.2190132 | V26: =SUM(D26,I26,N26,S26) -> 0.05880675 | W26: =SUM(E26,J26,O26,T26) -> 0.55862464 | X26: =SUM(F26,K26,P26,U26) -> 0.38459277 | Y26: 0.055033185 | Z26: 0.53385373 | AA26: 0.41205954 | AB26: =SUM((V26-Y26)^2, (W26-Z26)^2, (X26-AA26)^2) -> 0.0013822612 | AC26: =V26-V25 -> -0.020087051 | AD26: =W26-W25 -> -0.012864476 | AE26: =X26-X25 -> 0.034922149 | AF26: =(AC26+$AL$35*V26*W26)^2 -> 8.7867995e-06 | AG26: =(AD26-$AL$35*V26*W26+$AL$34*W26)^2 -> 0.00010798964 | AH26: =(AE26-$AL$34*W26)^2 -> 2.9778097e-05 | AI26: =(1 - SUM(V26:X26))^2 -> 4.0972203e-06 | AK26: w41 | AL26: 0.078594804
A27: 25 | B27: =$AL$2*A27+$AL$3 -> -157.73711 | C27: =1/(1+EXP(-B27)) -> 3.1307215e-69 | D27: =$AL$4*C27+$AL$5 -> -6.4693234 | E27: =$AL$6*C27+$AL$7 -> 1.4515051 | F27: =$AL$6*C27+$AL$7 -> 1.4515051 | G27: =$AL$10*A27+$AL$11 -> 1.5932176 | H27: =TANH(G27) -> 0.92064122 | I27: =$AL$12*H27+$AL$13 -> 5.7872783 | J27: =$AL$14*H27+$AL$15 -> 3.265958 | K27: =$AL$16*H27+$AL$17 -> 8.029748 | L27: =$AL$18*A27+$AL$19 -> 1.5969389 | M27: =TANH(L27) -> 0.92120647 | N27: =$AL$20*M27+$AL$21 -> -5.6025725 | O27: =$AL$22*M27+$AL$23 -> 2.6846277 | P27: =$AL$24*M27+$AL$25 -> -7.8754414 | Q27: =$AL$26*A27+$AL$27 -> -0.13616216 | R27: =TANH(Q27) -> -0.13532686 | S27: =$AL$28*R27+$AL$29 -> 6.3287034 | T27: =$AL$30*R27+$AL$31 -> -6.8625897 | U27: =$AL$32*R27+$AL$33 -> -1.1857805 | V27: =SUM(D27,I27,N27,S27) -> 0.044085808 | W27: =SUM(E27,J27,O27,T27) -> 0.53950115 | X27: =SUM(F27,K27,P27,U27) -> 0.4200311 | Y27: 0.041882891 | Z27: 0.51004857 | AA27: 0.44388223 | AB27: =SUM((V27-Y27)^2, (W27-Z27)^2, (X27-AA27)^2) -> 0.0014411842 | AC27: =V27-V26 -> -0.014720942 | AD27: =W27-W26 -> -0.019123487 | AE27: =X27-X26 -> 0.03543833 | AF27: =(AC27+$AL$35*V27*W27)^2 -> 5.4004382e-06 | AG27: =(AD27-$AL$35*V27*W27+$AL$34*W27)^2 -> 5.5894048e-05 | AH27: =(AE27-$AL$34*W27)^2 -> 1.2662548e-05 | AI27: =(1 - SUM(V27:X27))^2 -> 1.3090356e-05 | AK27: b41 | AL27: -2.1010323
A28: 26 | B28: =$AL$2*A28+$AL$3 -> -163.68465 | C28: =1/(1+EXP(-B28)) -> 8.1782076e-72 | D28: =$AL$4*C28+$AL$5 -> -6.4693234 | E28: =$AL$6*C28+$AL$7 -> 1.4515051 | F28: =$AL$6*C28+$AL$7 -> 1.4515051 | G28: =$AL$10*A28+$AL$11 -> 1.7636237 | H28: =TANH(G28) -> 0.94290636 | I28: =$AL$12*H28+$AL$13 -> 5.9777764 | J28: =$AL$14*H28+$AL$15 -> 3.3439621 | K28: =$AL$16*H28+$AL$17 -> 8.1558504 | L28: =$AL$18*A28+$AL$19 -> 1.767728 | M28: =TANH(L28) -> 0.94335988 | N28: =$AL$20*M28+$AL$21 -> -5.8033098 | O28: =$AL$22*M28+$AL$23 -> 2.6175644 | P28: =$AL$24*M28+$AL$25 -> -7.9998197 | Q28: =$AL$26*A28+$AL$27 -> -0.057567352 | R28: =TANH(Q28) -> -0.057503843 | S28: =$AL$28*R28+$AL$29 -> 6.3282256 | T28: =$AL$30*R28+$AL$31 -> -6.8973267 | U28: =$AL$32*R28+$AL$33 -> -1.1518348 | V28: =SUM(D28,I28,N28,S28) -> 0.033368899 | W28: =SUM(E28,J28,O28,T28) -> 0.51570493 | X28: =SUM(F28,K28,P28,U28) -> 0.45570097 | Y28: 0.026899077 | Z28: 0.48054749 | AA28: 0.48772295 | AB28: =SUM((V28-Y28)^2, (W28-Z28)^2, (X28-AA28)^2) -> 0.0023033119 | AC28: =V28-V27 -> -0.010716909 | AD28: =W28-W27 -> -0.023796223 | AE28: =X28-X27 -> 0.035669869 | AF28: =(AC28+$AL$35*V28*W28)^2 -> 3.0532669e-06 | AG28: =(AD28-$AL$35*V28*W28+$AL$34*W28)^2 -> 2.0348597e-05 | AH28: =(AE28-$AL$34*W28)^2 -> 2.581949e-06 | AI28: =(1 - SUM(V28:X28))^2 -> 2.2798689e-05 | AK28: w42S | AL28: -0.0061387033
